Time,Objective value
0.0014765262603759766,3614
0.0014829635620117188,3614
0.0022885799407958984,3614
0.0031011104583740234,3454
0.0048563480377197266,3160
0.005651235580444336,3160
0.006446361541748047,3160
0.007260560989379883,3160
0.00817251205444336,3160
0.009765863418579102,3160
0.01067209243774414,3160
0.011479854583740234,3160
0.012392759323120117,3160
0.013196706771850586,3160
0.01490020751953125,3160
0.015691518783569336,3160
0.016492843627929688,3160
0.01730179786682129,3160
0.018108129501342773,3160
0.01982283592224121,3160
0.020624160766601562,3160
0.021535396575927734,3160
0.0224456787109375,3160
0.023249149322509766,3160
0.024049043655395508,3160
0.025627851486206055,3160
0.02643299102783203,3160
0.027241945266723633,3160
0.028041839599609375,3160
0.029630422592163086,3160
0.030426025390625,3160
0.03133702278137207,3160
0.03213000297546387,3160
0.033713579177856445,3160
0.03462505340576172,3160
0.03542661666870117,3160
0.0362241268157959,3160
0.037027597427368164,3160
0.038620948791503906,3160
0.03942131996154785,3160
0.040215253829956055,3160
0.04101705551147461,3160
0.042604923248291016,3160
0.043402910232543945,3160
0.04420208930969238,3160
0.04578995704650879,3160
0.0465853214263916,3160
0.04738807678222656,3160
0.04819154739379883,3160
0.04977989196777344,3160
0.05057024955749512,3160
0.05137228965759277,3160
0.052170515060424805,3160
0.05375933647155762,3160
0.05455613136291504,3160
0.05535101890563965,3160
0.05614590644836426,3160
0.05774998664855957,3160
0.05854654312133789,3160
0.059346675872802734,3160
0.060140132904052734,3160
0.061725616455078125,3160
0.0625295639038086,3160
0.06332588195800781,3160
0.06412839889526367,3160
0.06583070755004883,3160
0.06674838066101074,3160
0.06765890121459961,3160
0.06846261024475098,3160
0.0692589282989502,3160
0.0700533390045166,3160
0.07175874710083008,3160
0.07255220413208008,3160
0.07335138320922852,3160
0.07426333427429199,3160
0.07506346702575684,3160
0.07665181159973145,3160
0.07745742797851562,3160
0.07825613021850586,3160
0.07917094230651855,3160
0.08075499534606934,3160
0.08165693283081055,3160
0.08246135711669922,3160
0.08325958251953125,3160
0.08406233787536621,3160
0.08565616607666016,3160
0.08645296096801758,3160
0.08726239204406738,3160
0.0880591869354248,3160
0.08976340293884277,3160
0.09055542945861816,3160
0.09146451950073242,3160
0.09237432479858398,3160
0.09317183494567871,3160
0.09407925605773926,3160
0.09566855430603027,3160
0.09647440910339355,3160
0.09728813171386719,3160
0.09808993339538574,3160
0.09968423843383789,3160
0.10059738159179688,3160
0.10140204429626465,3160
0.10231709480285645,3160
0.10311222076416016,3160
0.10470199584960938,3160
0.10550284385681152,3160
0.10630130767822266,3160
0.10711240768432617,3160
0.10869669914245605,3160
0.10949230194091797,3160
0.11029314994812012,3160
0.11108803749084473,3160
0.11267805099487305,3160
0.11359119415283203,3160
0.11438727378845215,3160
0.11529755592346191,3160
0.11609411239624023,3160
0.11768937110900879,3160
0.11849164962768555,3160
0.11928963661193848,3160
0.1200871467590332,3160
0.12167644500732422,3160
0.12247133255004883,3160
0.12326908111572266,3160
0.1240684986114502,3160
0.1256554126739502,3160
0.12645864486694336,3160
0.1272742748260498,3160
0.12807559967041016,3160
0.1297762393951416,3160
0.13056659698486328,3160
0.131361722946167,3160
0.13215947151184082,3160
0.133087158203125,3160
0.13467931747436523,3160
0.13547277450561523,3160
0.13627219200134277,3160
0.1370863914489746,3160
0.13867831230163574,3160
0.13947176933288574,3160
0.14026904106140137,3160
0.1410677433013916,3160
0.14276647567749023,3160
0.14356136322021484,3160
0.144362211227417,3160
0.14516067504882812,3160
0.1468658447265625,3160
0.14766168594360352,3160
0.14845991134643555,3160
0.14925789833068848,3160
0.15005707740783691,3160
0.15164709091186523,3160
0.15244340896606445,3160
0.1532447338104248,3160
0.1541600227355957,3160
0.15575838088989258,3160
0.15654683113098145,3160
0.15735340118408203,3160
0.15815353393554688,3160
0.15975117683410645,3160
0.1605386734008789,3160
0.16133689880371094,3160
0.16213345527648926,3160
0.16371774673461914,3160
0.16452240943908691,3160
0.16531968116760254,3160
0.16611957550048828,3160
0.16771984100341797,3160
0.16863131523132324,3160
0.16954445838928223,3160
0.1703476905822754,3160
0.1711435317993164,3160
0.17272305488586426,3160
0.1735227108001709,3160
0.17431902885437012,3160
0.17512154579162598,3160
0.17670607566833496,3160
0.17751455307006836,3160
0.1783146858215332,3160
0.17911839485168457,3160
0.18070077896118164,3160
0.1815037727355957,3160
0.18230080604553223,3160
0.18310546875,3160
0.18468689918518066,3160
0.18559765815734863,3160
0.18639636039733887,3160
0.18720793724060059,3160
0.18878865242004395,3160
0.18958210945129395,3160
0.19037652015686035,3160
0.1911780834197998,3160
0.1928858757019043,3160
0.19379520416259766,3160
0.1947035789489746,3160
0.1956167221069336,3160
0.1964106559753418,3160
0.19722414016723633,3160
0.19802570343017578,3160
0.19961190223693848,3160
0.2004103660583496,3160
0.20132827758789062,3160
0.2022397518157959,3160
0.2030339241027832,3160
0.20462393760681152,3160
0.2055342197418213,3160
0.20644235610961914,3160
0.20725703239440918,3160
0.20805788040161133,3160
0.20964670181274414,3160
0.21043968200683594,3160
0.21123623847961426,3160
0.2120347023010254,3160
0.21361923217773438,3160
0.2144176959991455,3160
0.2152116298675537,3160
0.21612811088562012,3160
0.21772551536560059,3160
0.21852350234985352,3160
0.21931791305541992,3160
0.22011899948120117,3160
0.22170448303222656,3160
0.2225050926208496,3160
0.22330093383789062,3160
0.22410130500793457,3160
0.22568416595458984,3160
0.2264847755432129,3160
0.22729802131652832,3160
0.22809457778930664,3160
0.2296733856201172,3160
0.2304682731628418,3160
0.23127174377441406,3160
0.23206877708435059,3160
0.23365354537963867,3160
0.23445439338684082,3160
0.23525619506835938,3160
0.23616695404052734,3160
0.23776793479919434,3160
0.23856282234191895,3160
0.23947358131408691,3160
0.24026894569396973,3160
0.24106884002685547,3160
0.2426469326019287,3160
0.24344897270202637,3160
0.24424314498901367,3160
0.24503755569458008,3160
0.2467479705810547,3160
0.2475414276123047,3160
0.24833941459655762,3160
0.2491445541381836,3160
0.25072693824768066,3160
0.25151991844177246,3160
0.2523200511932373,3160
0.25311970710754395,3160
0.2548336982727051,3160
0.25562596321105957,3160
0.2564206123352051,3160
0.25723695755004883,3160
0.2580385208129883,3160
0.2596251964569092,3160
0.26053595542907715,3160
0.26144886016845703,3160
0.26224589347839355,3160
0.263045072555542,3160
0.26462864875793457,3160
0.265427827835083,3160
0.26622891426086426,3160
0.267040491104126,3160
0.26862382888793945,3160
0.2694211006164551,3160
0.2702169418334961,3160
0.27101564407348633,3160
0.2726001739501953,3160
0.27339839935302734,3160
0.2741971015930176,3160
0.27510714530944824,3160
0.27669596672058105,3160
0.27750658988952637,3160
0.2783017158508301,3160
0.27910685539245605,3160
0.2807037830352783,3160
0.2816143035888672,3160
0.2825281620025635,3160
0.28343963623046875,3160
0.2842423915863037,3160
0.28515172004699707,3160
0.2867453098297119,3160
0.28754663467407227,3160
0.2884557247161865,3160
0.2892582416534424,3160
0.2900583744049072,3160
0.2916538715362549,3160
0.2924516201019287,3160
0.29326391220092773,3160
0.2940640449523926,3160
0.29566121101379395,3160
0.2965738773345947,3160
0.29738330841064453,3160
0.2982959747314453,3160
0.2991044521331787,3160
0.3008153438568115,3160
0.3016068935394287,3160
0.3024022579193115,3160
0.303203821182251,3160
0.30411672592163086,3160
0.30570411682128906,3160
0.30661535263061523,3160
0.30742883682250977,3160
0.3082280158996582,3160
0.30902552604675293,3160
0.31072473526000977,3160
0.3115241527557373,3160
0.3123283386230469,3160
0.3131215572357178,3160
0.31470632553100586,3160
0.3155088424682617,3160
0.3163125514984131,3160
0.3171200752258301,3160
0.31882238388061523,3160
0.31961727142333984,3160
0.3204169273376465,3160
0.32132792472839355,3160
0.322124719619751,3160
0.32372164726257324,3160
0.3246316909790039,3160
0.32554173469543457,3160
0.326336145401001,3160
0.32715415954589844,3160
0.3287498950958252,3160
0.329542875289917,3160
0.3303496837615967,3160
0.33115339279174805,3160
0.332751989364624,3160
0.3335421085357666,3160
0.33434128761291504,3160
0.33513975143432617,3160
0.33672094345092773,3160
0.33753013610839844,3160
0.33832788467407227,3160
0.3391242027282715,3160
0.34070825576782227,3160
0.34162306785583496,3160
0.3424201011657715,3160
0.34322047233581543,3160
0.34401750564575195,3160
0.3457145690917969,3160
0.34662842750549316,3160
0.34743547439575195,3160
0.34822940826416016,3160
0.3490283489227295,3160
0.35061144828796387,3160
0.3514080047607422,3160
0.35220766067504883,3160
0.353008508682251,3160
0.35459089279174805,3160
0.3553915023803711,3160
0.35630273818969727,3160
0.3571188449859619,3160
0.35871100425720215,3160
0.35950589179992676,3160
0.3603084087371826,3160
0.3611118793487549,3160
0.36281704902648926,3160
0.3636038303375244,3160
0.36440110206604004,3160
0.36519551277160645,3160
0.3667919635772705,3160
0.3675858974456787,3160
0.3683798313140869,3160
0.3692963123321533,3160
0.37011289596557617,3160
0.37169981002807617,3160
0.37250208854675293,3160
0.37329864501953125,3160
0.37409234046936035,3160
0.37567591667175293,3160
0.37647199630737305,3160
0.3773970603942871,3160
0.37819838523864746,3160
0.3797953128814697,3160
0.3805856704711914,3160
0.3813793659210205,3160
0.3821830749511719,3160
0.38309240341186523,3160
0.3846907615661621,3160
0.38549089431762695,3160
0.386289119720459,3160
0.3870968818664551,3160
0.38869261741638184,3160
0.3894972801208496,3160
0.3902914524078369,3160
0.391082763671875,3160
0.3926723003387451,3160
0.3935832977294922,3160
0.3943772315979004,3160
0.3952925205230713,3160
0.39609193801879883,3160
0.39700937271118164,3160
0.3986032009124756,3160
0.3994014263153076,3160
0.4002063274383545,3160
0.40100860595703125,3160
0.40231847763061523,3160
0.4031343460083008,3160
0.4048452377319336,3160
0.40563535690307617,3160
0.4064345359802246,3160
0.40724730491638184,3160
0.4080488681793213,3160
0.4096353054046631,3160
0.4104578495025635,3160
0.4112534523010254,3160
0.41205859184265137,3160
0.41376757621765137,3160
0.4145619869232178,3160
0.4153568744659424,3160
0.41615867614746094,3160
0.4177582263946533,3160
0.4185504913330078,3160
0.4193606376647949,3160
0.42015790939331055,3160
0.4217555522918701,3160
0.422548770904541,3160
0.4233560562133789,3160
0.4241609573364258,3160
0.42575645446777344,3160
0.42655134201049805,3160
0.4273645877838135,3160
0.4281613826751709,3160
0.4297471046447754,3160
0.4305415153503418,3160
0.43134570121765137,3160
0.43215179443359375,3160
0.4337422847747803,3160
0.4345400333404541,3160
0.43534278869628906,3160
0.43614888191223145,3160
0.43706774711608887,3160
0.4386594295501709,3160
0.4394557476043701,3160
0.44025588035583496,3160
0.44106602668762207,3160
0.4426591396331787,3160
0.44346022605895996,3160
0.44425535202026367,3160
0.44516801834106445,3160
0.4467744827270508,3160
0.4476816654205322,3160
0.44848084449768066,3160
0.4492802619934082,3160
0.4501919746398926,3160
0.4517836570739746,3160
0.4525775909423828,3160
0.45337653160095215,3160
0.4541778564453125,3160
0.4557616710662842,3160
0.45655250549316406,3160
0.45736265182495117,3160
0.4581634998321533,3160
0.4590730667114258,3160
0.4606661796569824,3160
0.4614698886871338,3160
0.4622690677642822,3160
0.46306896209716797,3160
0.46477437019348145,3160
0.46556520462036133,3160
0.46636080741882324,3160
0.4671781063079834,3160
0.46876955032348633,3160
0.4695587158203125,3160
0.47046923637390137,3160
0.47127223014831543,3160
0.4720742702484131,3160
0.47365522384643555,3160
0.4744539260864258,3160
0.47525596618652344,3160
0.47605443000793457,3160
0.47765183448791504,3160
0.4784536361694336,3160
0.479250431060791,3160
0.48004984855651855,3160
0.4816417694091797,3160
0.48244214057922363,3160
0.4833557605743408,3160
0.48415470123291016,3160
0.4858663082122803,3160
0.4866602420806885,3160
0.4874687194824219,3160
0.48838090896606445,3160
0.4891781806945801,3160
0.4907832145690918,3160
0.4915778636932373,3160
0.49237966537475586,3160
0.4932889938354492,3160
0.4940927028656006,3160
0.4956803321838379,3160
0.49648046493530273,3160
0.4972877502441406,3160
0.4982030391693115,3160
0.4998018741607666,3160
0.5007073879241943,3160
0.5015063285827637,3160
0.5023064613342285,3160
0.5031108856201172,3160
0.5047135353088379,3160
0.5055136680603027,3160
0.506312370300293,3160
0.5071196556091309,3160
0.5087075233459473,3160
0.509505033493042,3160
0.5103135108947754,3160
0.5111167430877686,3160
0.5127077102661133,3160
0.5135068893432617,3160
0.5143082141876221,3160
0.5151064395904541,3160
0.5160162448883057,3160
0.5176143646240234,3160
0.5184199810028076,3160
0.5192198753356934,3160
0.5200169086456299,3160
0.5217154026031494,3160
0.5225214958190918,3160
0.523317813873291,3160
0.5242314338684082,3160
0.5250306129455566,3160
0.526625394821167,3160
0.5274372100830078,3160
0.5282382965087891,3160
0.5290417671203613,3160
0.5306196212768555,3160
0.5315308570861816,3160
0.5323324203491211,3160
0.5331366062164307,3160
0.5347216129302979,3160
0.5355193614959717,3160
0.5363185405731201,3160
0.5371332168579102,3160
0.53871750831604,3160
0.5395100116729736,3160
0.5403122901916504,3160
0.5412251949310303,3160
0.5420248508453369,3160
0.5436139106750488,3160
0.5444145202636719,3160
0.5452136993408203,3160
0.5460090637207031,3160
0.547602653503418,3160
0.5484023094177246,3160
0.5492010116577148,3160
0.5507898330688477,3160
0.5515906810760498,3160
0.552386999130249,3160
0.5531876087188721,3160
0.5547857284545898,3160
0.5556912422180176,3160
0.5564899444580078,3160
0.5573010444641113,3160
0.558103084564209,3160
0.5598087310791016,3160
0.5606026649475098,3160
0.5614027976989746,3160
0.5623126029968262,3160
0.5632281303405762,3160
0.5640256404876709,3160
0.5656125545501709,3160
0.5664184093475342,3160
0.5672304630279541,3160
0.5680303573608398,3160
0.5696148872375488,3160
0.5704145431518555,3160
0.5712203979492188,3160
0.572019100189209,3160
0.5735988616943359,3160
0.574512243270874,3160
0.5753169059753418,3160
0.5761115550994873,3160
0.577707052230835,3160
0.5786199569702148,3160
0.5794227123260498,3160
0.5802206993103027,3160
0.581017255783081,3160
0.582721471786499,3160
0.5835156440734863,3160
0.5843136310577393,3160
0.585113525390625,3160
0.5867054462432861,3160
0.5875093936920166,3160
0.5883057117462158,3160
0.5891103744506836,3160
0.5906996726989746,3160
0.5914959907531738,3160
0.5924067497253418,3160
0.5932059288024902,3160
0.5940074920654297,3160
0.595595121383667,3160
0.5963964462280273,3160
0.5972228050231934,3160
0.5980286598205566,3160
0.5996181964874268,3160
0.600419282913208,3160
0.6012213230133057,3160
0.6020193099975586,3160
0.6036045551300049,3160
0.6044011116027832,3160
0.6052036285400391,3160
0.6068019866943359,3160
0.6075985431671143,3160
0.6084063053131104,3160
0.6092100143432617,3160
0.6100080013275146,3160
0.6115922927856445,3160
0.6123871803283691,3160
0.6132974624633789,3160
0.6140964031219482,3160
0.6156792640686035,3160
0.6165938377380371,3160
0.6174032688140869,3160
0.6182034015655518,3160
0.6197965145111084,3160
0.6207008361816406,3160
0.621612548828125,3160
0.6224093437194824,3160
0.6232094764709473,3160
0.6240031719207764,3160
0.6255865097045898,3160
0.626387357711792,3160
0.6272051334381104,3160
0.6280105113983154,3160
0.6295979022979736,3160
0.6303975582122803,3160
0.6312007904052734,3160
0.6327922344207764,3160
0.6335828304290771,3160
0.6343884468078613,3160
0.635300874710083,3160
0.6360981464385986,3160
0.6370177268981934,3160
0.6386103630065918,3160
0.6394126415252686,3160
0.6402089595794678,3160
0.6410112380981445,3160
0.6425991058349609,3160
0.6433985233306885,3160
0.6441972255706787,3160
0.6457865238189697,3160
0.6465766429901123,3160
0.6473789215087891,3160
0.6481800079345703,3160
0.6497819423675537,3160
0.650583028793335,3160
0.6513750553131104,3160
0.6521706581115723,3160
0.6537740230560303,3160
0.6545672416687012,3160
0.6553635597229004,3160
0.6561598777770996,3160
0.6577663421630859,3160
0.658564567565918,3160
0.6593573093414307,3160
0.6601531505584717,3160
0.6617529392242432,3160
0.6625454425811768,3160
0.6634535789489746,3160
0.6642482280731201,3160
0.665163516998291,3160
0.6667699813842773,3160
0.6675629615783691,3160
0.6683692932128906,3160
0.6691641807556152,3160
0.6708645820617676,3160
0.6716578006744385,3160
0.6724562644958496,3160
0.6732573509216309,3160
0.6740527153015137,3160
0.6756348609924316,3160
0.676440954208374,3160
0.677253246307373,3160
0.6780605316162109,3160
0.6796462535858154,3160
0.6804423332214355,3160
0.6812329292297363,3160
0.6821441650390625,3160
0.6837215423583984,3160
0.6845211982727051,3160
0.6853187084197998,3160
0.6861169338226318,3160
0.6877098083496094,3160
0.688511848449707,3160
0.6893084049224854,3160
0.6901142597198486,3160
0.6917085647583008,3160
0.6925086975097656,3160
0.6933069229125977,3160
0.6941030025482178,3160
0.6956803798675537,3160
0.6964797973632812,3160
0.6972906589508057,3160
0.6980903148651123,3160
0.6996779441833496,3160
0.700587272644043,3160
0.7013876438140869,3160
0.7021915912628174,3160
0.7037901878356934,3160
0.7045860290527344,3160
0.7054955959320068,3160
0.7062931060791016,3160
0.7071065902709961,3160
0.7086904048919678,3160
0.7094926834106445,3160
0.7102947235107422,3160
0.7110943794250488,3160
0.7128002643585205,3160
0.7137091159820557,3160
0.7145051956176758,3160
0.7154159545898438,3160
0.7162120342254639,3160
0.7170202732086182,3160
0.7186100482940674,3160
0.7194082736968994,3160
0.720207691192627,3160
0.7218048572540283,3160
0.722604513168335,3160
0.7233998775482178,3160
0.7242047786712646,3160
0.7250056266784668,3160
0.7265968322753906,3160
0.7275187969207764,3160
0.7283153533935547,3160
0.7291111946105957,3160
0.7306995391845703,3160
0.7314999103546143,3160
0.732297420501709,3160
0.733100175857544,3160
0.7348036766052246,3160
0.7355966567993164,3160
0.7363967895507812,3160
0.737208366394043,3160
0.7380039691925049,3160
0.7396185398101807,3160
0.7404251098632812,3160
0.7412252426147461,3160
0.7420229911804199,3160
0.7436161041259766,3160
0.7444174289703369,3160
0.7452235221862793,3160
0.7460217475891113,3160
0.7476227283477783,3160
0.7485387325286865,3160
0.7493395805358887,3160
0.7501387596130371,3160
0.7517204284667969,3160
0.7526378631591797,3160
0.7534382343292236,3160
0.7542352676391602,3160
0.7550361156463623,3160
0.7567534446716309,3160
0.7575535774230957,3160
0.7583513259887695,3160
0.7591507434844971,3160
0.7607378959655762,3160
0.7615299224853516,3160
0.7623288631439209,3160
0.7631270885467529,3160
0.7647244930267334,3160
0.7655205726623535,3160
0.7663218975067139,3160
0.767136812210083,3160
0.7687194347381592,3160
0.7695183753967285,3160
0.7703237533569336,3160
0.7711186408996582,3160
0.7727062702178955,3160
0.7736163139343262,3160
0.7744235992431641,3160
0.7752275466918945,3160
0.7760219573974609,3160
0.7776155471801758,3160
0.7785308361053467,3160
0.7793262004852295,3160
0.7801311016082764,3160
0.7817211151123047,3160
0.7825260162353516,3160
0.7833304405212402,3160
0.7841370105743408,3160
0.7857236862182617,3160
0.7865238189697266,3160
0.7873365879058838,3160
0.7881331443786621,3160
0.7890427112579346,3160
0.7906367778778076,3160
0.7914316654205322,3160
0.7922303676605225,3160
0.793144941329956,3160
0.7947239875793457,3160
0.7955207824707031,3160
0.7963166236877441,3160
0.7971246242523193,3160
0.7987184524536133,3160
0.7996313571929932,3160
0.8004305362701416,3160
0.8013455867767334,3160
0.8021454811096191,3160
0.8037295341491699,3160
0.8045287132263184,3160
0.8053340911865234,3160
0.8062472343444824,3160
0.807051420211792,3160
0.808631181716919,3160
0.8095464706420898,3160
0.8103475570678711,3160
0.8111433982849121,3160
0.8127288818359375,3160
0.8135266304016113,3160
0.8143308162689209,3160
0.81512451171875,3160
0.8167200088500977,3160
0.8175244331359863,3160
0.8183197975158691,3160
0.8191208839416504,3160
0.8207168579101562,3160
0.8215174674987793,3160
0.8223156929016113,3160
0.8231198787689209,3160
0.8247063159942627,3160
0.8256173133850098,3160
0.826418399810791,3160
0.8272340297698975,3160
0.8280320167541504,3160
0.8296229839324951,3160
0.8304274082183838,3160
0.8312253952026367,3160
0.8320295810699463,3160
0.8336200714111328,3160
0.8344135284423828,3160
0.8352153301239014,3160
0.8360161781311035,3160
0.8378462791442871,3160
0.8386399745941162,3160
0.8394405841827393,3160
0.8402373790740967,3160
0.8410384654998779,3160
0.8427395820617676,3160
0.8435347080230713,3160
0.844332218170166,3160
0.845130205154419,3160
0.8467175960540771,3160
0.8475284576416016,3160
0.8483254909515381,3160
0.8492379188537598,3160
0.8500473499298096,3160
0.8516433238983154,3160
0.8524379730224609,3160
0.8532335758209229,3160
0.8541433811187744,3160
0.8557395935058594,3160
0.8565375804901123,3160
0.857346773147583,3160
0.8581559658050537,3160
0.8597569465637207,3160
0.860663652420044,3160
0.8614633083343506,3160
0.8622629642486572,3160
0.8630692958831787,3160
0.8646590709686279,3160
0.8654632568359375,3160
0.8662681579589844,3160
0.8670849800109863,3160
0.868668794631958,3160
0.8694665431976318,3160
0.8702609539031982,3160
0.8710641860961914,3160
0.8727700710296631,3160
0.8736746311187744,3160
0.87447190284729,3160
0.8752727508544922,3160
0.8760678768157959,3160
0.8776693344116211,3160
0.8784692287445068,3160
0.8793807029724121,3160
0.8801782131195068,3160
0.8817718029022217,3160
0.8825633525848389,3160
0.8833591938018799,3160
0.8841607570648193,3160
0.8850727081298828,3160
0.8866610527038574,3160
0.8874690532684326,3160
0.8882620334625244,3160
0.889061689376831,3160
0.8907585144042969,3160
0.8915536403656006,3160
0.8923540115356445,3160
0.8931608200073242,3160
0.8947505950927734,3160
0.8956613540649414,3160
0.8964648246765137,3160
0.8972697257995605,3160
0.8980636596679688,3160
0.8996436595916748,3160
0.9005608558654785,3160
0.9013612270355225,3160
0.9021611213684082,3160
0.9037504196166992,3160
0.9045441150665283,3160
0.9054555892944336,3160
0.9062516689300537,3160
0.9070601463317871,3160
0.9086399078369141,3160
0.9095497131347656,3160
0.9103474617004395,3160
0.9111478328704834,3160
0.9120616912841797,3160
0.9136457443237305,3160
0.91444993019104,3160
0.9152467250823975,3160
0.9160511493682861,3160
0.9176406860351562,3160
0.9184362888336182,3160
0.9192349910736084,3160
0.9200308322906494,3160
0.9216229915618896,3160
0.9224188327789307,3160
0.9232177734375,3160
0.9240148067474365,3160
0.9256000518798828,3160
0.9264028072357178,3160
0.9273228645324707,3160
0.9281196594238281,3160
0.92970871925354,3160
0.9306211471557617,3160
0.931422233581543,3160
0.9322161674499512,3160
0.9330153465270996,3160
0.9347183704376221,3160
0.9355175495147705,3160
0.9363157749176025,3160
0.9371242523193359,3160
0.9387109279632568,3160
0.9395112991333008,3160
0.9403038024902344,3160
0.9411065578460693,3160
0.9420151710510254,3160
0.9437165260314941,3160
0.9445180892944336,3160
0.9453206062316895,3160
0.9461252689361572,3160
0.9470443725585938,3160
0.9486451148986816,3160
0.949446439743042,3160
0.9502463340759277,3160
0.9510436058044434,3160
0.952629804611206,3160
0.953423023223877,3160
0.9542279243469238,3160
0.9550275802612305,3160
0.9567289352416992,3160
0.9575374126434326,3160
0.9583344459533691,3160
0.9591341018676758,3160
0.9607255458831787,3160
0.9615211486816406,3160
0.9624323844909668,3160
0.9632377624511719,3160
0.96415114402771,3160
0.965740442276001,3160
0.9665319919586182,3160
0.9673364162445068,3160
0.968134880065918,3160
0.969724178314209,3160
0.9705240726470947,3160
0.9713261127471924,3160
0.9721274375915527,3160
0.9737114906311035,3160
0.9745094776153564,3160
0.9753110408782959,3160
0.9762248992919922,3160
0.9770350456237793,3160
0.9786238670349121,3160
0.9794259071350098,3160
0.9802277088165283,3160
0.9810280799865723,3160
0.9826149940490723,3160
0.9835307598114014,3160
0.9843242168426514,3160
0.9852349758148193,3160
0.9860336780548096,3160
0.9877536296844482,3160
0.9886608123779297,3160
0.9895725250244141,3160
0.9903671741485596,3160
0.9911680221557617,3160
0.9928746223449707,3160
0.9936690330505371,3160
0.9944658279418945,3160
0.9952738285064697,3160
0.9960711002349854,3160
0.9976687431335449,3160
0.9984779357910156,3160
0.9992759227752686,3160
1.000072956085205,3160
1.0016605854034424,3160
1.0024614334106445,3160
1.003260850906372,3160
1.0041725635528564,3160
1.0050828456878662,3160
1.006673812866211,3160
1.0074784755706787,3160
1.0082838535308838,3160
1.0091938972473145,3160
1.0107879638671875,3160
1.0115785598754883,3160
1.012375831604004,3160
1.0131731033325195,3160
1.0147719383239746,3160
1.0155673027038574,3160
1.0163683891296387,3160
1.0171749591827393,3160
1.0187692642211914,3160
1.0196752548217773,3160
1.020479679107666,3160
1.021286964416504,3160
1.0220861434936523,3160
1.0236694812774658,3160
1.0244646072387695,3160
1.0252623558044434,3160
1.0260653495788574,3160
1.0276625156402588,3160
1.0284619331359863,3160
1.0292596817016602,3160
1.0300672054290771,3160
1.0316543579101562,3160
1.032454013824463,3160
1.0332543849945068,3160
1.0340590476989746,3160
1.035644292831421,3160
1.036444902420044,3160
1.0372614860534668,3160
1.0380561351776123,3160
1.0396463871002197,3160
1.040445327758789,3160
1.0412442684173584,3160
1.0420494079589844,3160
1.043637990951538,3160
1.044438123703003,3160
1.0452313423156738,3160
1.0460379123687744,3160
1.0477511882781982,3160
1.048543930053711,3160
1.0493435859680176,3160
1.0501408576965332,3160
1.0517420768737793,3160
1.0525333881378174,3160
1.0533292293548584,3160
1.0541253089904785,3160
1.0557069778442383,3160
1.056511640548706,3160
1.0573208332061768,3160
1.0581254959106445,3160
1.059709072113037,3160
1.060502052307129,3160
1.061300277709961,3160
1.0621042251586914,3160
1.0636885166168213,3160
1.0644874572753906,3160
1.0652835369110107,3160
1.0660810470581055,3160
1.067671775817871,3160
1.0684692859649658,3160
1.0692720413208008,3160
1.0700709819793701,3160
1.0716578960418701,3160
1.0724544525146484,3160
1.073251724243164,3160
1.0740530490875244,3160
1.0756473541259766,3160
1.0764451026916504,3160
1.0772569179534912,3160
1.0781686305999756,3160
1.0798721313476562,3160
1.0807819366455078,3160
1.0815765857696533,3160
1.0823779106140137,3160
1.0831763744354248,3160
1.0847702026367188,3160
1.085566520690918,3160
1.086366891860962,3160
1.0871729850769043,3160
1.088763952255249,3160
1.089552879333496,3160
1.0904629230499268,3160
1.091264009475708,3160
1.0920629501342773,3160
1.093773365020752,3160
1.0945656299591064,3160
1.095360279083252,3160
1.0961601734161377,3160
1.0977683067321777,3160
1.098562240600586,3160
1.0993609428405762,3160
1.1001594066619873,3160
1.1017563343048096,3160
1.102548360824585,3160
1.1033525466918945,3160
1.1041500568389893,3160
1.1050643920898438,3160
1.1066510677337646,3160
1.1074604988098145,3160
1.1082637310028076,3160
1.1090636253356934,3160
1.1106510162353516,3160
1.111457347869873,3160
1.1122522354125977,3160
1.1130523681640625,3160
1.1146461963653564,3160
1.1154413223266602,3160
1.116243600845337,3160
1.1170473098754883,3160
1.118744134902954,3160
1.1195416450500488,3160
1.1203370094299316,3160
1.1211414337158203,3160
1.1227376461029053,3160
1.123534917831421,3160
1.1243367195129395,3160
1.125136137008667,3160
1.1267166137695312,3160
1.1275300979614258,3160
1.1283292770385742,3160
1.1291296482086182,3160
1.1307196617126465,3160
1.1315155029296875,3160
1.1323184967041016,3160
1.133113145828247,3160
1.134704828262329,3160
1.1355242729187012,3160
1.1364336013793945,3160
1.137244462966919,3160
1.1380438804626465,3160
1.1396381855010986,3160
1.1404402256011963,3160
1.1412382125854492,3160
1.1420390605926514,3160
1.1436357498168945,3160
1.1444361209869385,3160
1.1452336311340332,3160
1.1460278034210205,3160
1.1476294994354248,3160
1.1484386920928955,3160
1.1492345333099365,3160
1.1500394344329834,3160
1.151623010635376,3160
1.1524224281311035,3160
1.1532223224639893,3160
1.154022216796875,3160
1.155729055404663,3160
1.156524658203125,3160
1.1573381423950195,3160
1.158137321472168,3160
1.1597294807434082,3160
1.160526990890503,3160
1.1613266468048096,3160
1.162125825881958,3160
1.1630349159240723,3160
1.1646192073822021,3160
1.1654152870178223,3160
1.1662166118621826,3160
1.1670279502868652,3160
1.1686131954193115,3160
1.169524908065796,3160
1.170320749282837,3160
1.1712324619293213,3160
1.172032356262207,3160
1.1736161708831787,3160
1.1744146347045898,3160
1.1752066612243652,3160
1.1761178970336914,3160
1.1778314113616943,3160
1.178623914718628,3160
1.1794242858886719,3160
1.1802198886871338,3160
1.1810224056243896,3160
1.182600498199463,3160
1.1835143566131592,3160
1.1844277381896973,3160
1.1852290630340576,3160
1.1860237121582031,3160
1.1877434253692627,3160
1.1886482238769531,3160
1.1894431114196777,3160
1.1902387142181396,3160
1.1910364627838135,3160
1.1926195621490479,3160
1.1934142112731934,3160
1.1942064762115479,3160
1.195793867111206,3160
1.1965925693511963,3160
1.1974053382873535,3160
1.198209524154663,3160
1.1991233825683594,3160
1.2008264064788818,3160
1.2016246318817139,3160
1.20243239402771,3160
1.2032296657562256,3160
1.2040283679962158,3160
1.2056124210357666,3160
1.2064094543457031,3160
1.2072205543518066,3160
1.2080211639404297,3160
1.2096118927001953,3160
1.2104086875915527,3160
1.2112078666687012,3160
1.2120120525360107,3160
1.2135992050170898,3160
1.214395523071289,3160
1.2153081893920898,3160
1.2161064147949219,3160
1.217820644378662,3160
1.2186088562011719,3160
1.2194044589996338,3160
1.2202107906341553,3160
1.2210097312927246,3160
1.2226037979125977,3160
1.223402976989746,3160
1.2242109775543213,3160
1.2250111103057861,3160
1.2267179489135742,3160
1.227527379989624,3160
1.22833251953125,3160
1.2291347980499268,3160
1.2300448417663574,3160
1.2317531108856201,3160
1.232548475265503,3160
1.2334620952606201,3160
1.2342593669891357,3160
1.2350633144378662,3160
1.2366507053375244,3160
1.2375731468200684,3160
1.2383747100830078,3160
1.2391808032989502,3160
1.2407658100128174,3160
1.2416715621948242,3160
1.2424674034118652,3160
1.2433826923370361,3160
1.2441833019256592,3160
1.245774269104004,3160
1.2465641498565674,3160
1.247365951538086,3160
1.248161792755127,3160
1.2497527599334717,3160
1.2505462169647217,3160
1.2514567375183105,3160
1.2522575855255127,3160
1.2530534267425537,3160
1.254650592803955,3160
1.2554492950439453,3160
1.2562553882598877,3160
1.2570655345916748,3160
1.2586603164672852,3160
1.2594573497772217,3160
1.2603683471679688,3160
1.2611653804779053,3160
1.262758731842041,3160
1.2635455131530762,3160
1.264350175857544,3160
1.2651481628417969,3160
1.2667462825775146,3160
1.2675485610961914,3160
1.2683539390563965,3160
1.2691571712493896,3160
1.2707479000091553,3160
1.2715423107147217,3160
1.2723519802093506,3160
1.2731473445892334,3160
1.2747290134429932,3160
1.2755236625671387,3160
1.2764348983764648,3160
1.2772390842437744,3160
1.2781524658203125,3160
1.2798585891723633,3160
1.280651569366455,3160
1.2815637588500977,3160
1.2823619842529297,3160
1.2831597328186035,3160
1.2848615646362305,3160
1.2856512069702148,3160
1.286562204360962,3160
1.287484884262085,3160
1.288283109664917,3160
1.2890806198120117,3160
1.2906746864318848,3160
1.2914767265319824,3160
1.2922718524932861,3160
1.2930715084075928,3160
1.2946627140045166,3160
1.2954609394073486,3160
1.2962546348571777,3160
1.2970631122589111,3160
1.2987685203552246,3160
1.2995588779449463,3160
1.3003566265106201,3160
1.3011622428894043,3160
1.3027584552764893,3160
1.303558588027954,3160
1.3043525218963623,3160
1.3051531314849854,3160
1.3067626953125,3160
1.307668924331665,3160
1.308469533920288,3160
1.3092665672302246,3160
1.3100688457489014,3160
1.3116576671600342,3160
1.3124573230743408,3160
1.3132603168487549,3160
1.3140573501586914,3160
1.3156507015228271,3160
1.3164482116699219,3160
1.3172543048858643,3160
1.3180580139160156,3160
1.3197576999664307,3160
1.3205459117889404,3160
1.3213539123535156,3160
1.322157859802246,3160
1.3237459659576416,3160
1.324540615081787,3160
1.3253352642059326,3160
1.3261301517486572,3160
1.327728271484375,3160
1.3285307884216309,3160
1.3293311595916748,3160
1.3302443027496338,3160
1.3310418128967285,3160
1.3326354026794434,3160
1.3334341049194336,3160
1.3342318534851074,3160
1.335028886795044,3160
1.336618423461914,3160
1.3374302387237549,3160
1.3382244110107422,3160
1.3390204906463623,3160
1.340723991394043,3160
1.3415160179138184,3160
1.3423113822937012,3160
1.3431167602539062,3160
1.3446969985961914,3160
1.3454976081848145,3160
1.3462920188903809,3160
1.347102403640747,3160
1.3486871719360352,3160
1.3494884967803955,3160
1.3503985404968262,3160
1.351198673248291,3160
1.3521151542663574,3160
1.3537044525146484,3160
1.3545050621032715,3160
1.3553073406219482,3160
1.3562185764312744,3160
1.3571393489837646,3160
1.3587419986724854,3160
1.3595349788665771,3160
1.3603322505950928,3160
1.361138105392456,3160
1.3627314567565918,3160
1.363539457321167,3160
1.3643407821655273,3160
1.3651394844055176,3160
1.3660519123077393,3160
1.367647409439087,3160
1.368450403213501,3160
1.369248628616333,3160
1.3700499534606934,3160
1.3716557025909424,3160
1.3724584579467773,3160
1.3732624053955078,3160
1.3741753101348877,3160
1.3757662773132324,3160
1.3765590190887451,3160
1.3773674964904785,3160
1.3781723976135254,3160
1.3797695636749268,3160
1.3805625438690186,3160
1.381368637084961,3160
1.3821721076965332,3160
1.3837594985961914,3160
1.3845539093017578,3160
1.3854658603668213,3160
1.3862650394439697,3160
1.387073278427124,3160
1.3886590003967285,3160
1.3894615173339844,3160
1.3902568817138672,3160
1.3910541534423828,3160
1.3926451206207275,3160
1.3934376239776611,3160
1.3943474292755127,3160
1.3951423168182373,3160
1.3967220783233643,3160
1.3976435661315918,3160
1.3984394073486328,3160
1.399245262145996,3160
1.4000449180603027,3160
1.4016401767730713,3160
1.402698040008545,3160
1.4037888050079346,3160
1.404590129852295,3160
1.4053938388824463,3160
1.4061965942382812,3160
1.4077961444854736,3160
1.4085907936096191,3160
1.4094138145446777,3160
1.4102132320404053,3160
1.4110078811645508,3160
1.412611484527588,3160
1.4134154319763184,3160
1.4142241477966309,3160
1.4150259494781494,3160
1.4166204929351807,3160
1.417426586151123,3160
1.4182281494140625,3160
1.41902756690979,3160
1.4207382202148438,3160
1.4215328693389893,3160
1.4223341941833496,3160
1.423130989074707,3160
1.424720048904419,3160
1.4255223274230957,3160
1.426321268081665,3160
1.427128553390503,3160
1.4287209510803223,3160
1.429518222808838,3160
1.4303185939788818,3160
1.4311141967773438,3160
1.432703971862793,3160
1.4335048198699951,3160
1.4342987537384033,3160
1.4351000785827637,3160
1.436685562133789,3160
1.4374899864196777,3160
1.4382920265197754,3160
1.4390881061553955,3160
1.4406733512878418,3160
1.4414706230163574,3160
1.442272424697876,3160
1.4430701732635498,3160
1.4446561336517334,3160
1.445455551147461,3160
1.4462571144104004,3160
1.4470593929290771,3160
1.4486525058746338,3160
1.449568748474121,3160
1.4503698348999023,3160
1.451172113418579,3160
1.4527678489685059,3160
1.4535603523254395,3160
1.4543609619140625,3160
1.4551570415496826,3160
1.4567608833312988,3160
1.4575574398040771,3160
1.4583563804626465,3160
1.4591615200042725,3160
1.4608654975891113,3160
1.4616615772247314,3160
1.462571382522583,3160
1.4633684158325195,3160
1.4641695022583008,3160
1.4657666683197021,3160
1.466562032699585,3160
1.4673683643341064,3160
1.4681718349456787,3160
1.4697659015655518,3160
1.4705524444580078,3160
1.4713501930236816,3160
1.4721510410308838,3160
1.4737427234649658,3160
1.4745354652404785,3160
1.4753341674804688,3160
1.4761333465576172,3160
1.4777464866638184,3160
1.4785382747650146,3160
1.4793436527252197,3160
1.4801461696624756,3160
1.4817454814910889,3160
1.4825413227081299,3160
1.4833407402038574,3160
1.4842543601989746,3160
1.4850542545318604,3160
1.4866371154785156,3160
1.4874413013458252,3160
1.4882397651672363,3160
1.4890408515930176,3160
1.4906318187713623,3160
1.4914312362670898,3160
1.4922349452972412,3160
1.493032455444336,3160
1.4946269989013672,3160
1.4954276084899902,3160
1.496222972869873,3160
1.497035264968872,3160
1.4986190795898438,3160
1.4994211196899414,3160
1.5002219676971436,3160
1.501020908355713,3160
1.5026249885559082,3160
1.5034308433532715,3160
1.5043425559997559,3160
1.5051450729370117,3160
1.5067541599273682,3160
1.5075557231903076,3160
1.5083551406860352,3160
1.5092668533325195,3160
1.5100672245025635,3160
1.5117714405059814,3160
1.5126779079437256,3160
1.5134809017181396,3160
1.5142788887023926,3160
1.5150785446166992,3160
1.5166592597961426,3160
1.5175867080688477,3160
1.5183873176574707,3160
1.5191843509674072,3160
1.5207808017730713,3160
1.5215702056884766,3160
1.5223727226257324,3160
1.5231728553771973,3160
1.524765968322754,3160
1.5255622863769531,3160
1.5263607501983643,3160
1.527172565460205,3160
1.5287706851959229,3160
1.5295686721801758,3160
1.530367136001587,3160
1.53117036819458,3160
1.5320801734924316,3160
1.5337862968444824,3160
1.534583330154419,3160
1.5354962348937988,3160
1.5362961292266846,3160
1.5371122360229492,3160
1.5387024879455566,3160
1.5395071506500244,3160
1.5403130054473877,3160
1.5411088466644287,3160
1.5426936149597168,3160
1.543489694595337,3160
1.5442867279052734,3160
1.5450959205627441,3160
1.5468053817749023,3160
1.5475969314575195,3160
1.5485117435455322,3160
1.549306869506836,3160
1.5501012802124023,3160
1.5516908168792725,3160
1.5524828433990479,3160
1.5532803535461426,3160
1.5540828704833984,3160
1.5556600093841553,3160
1.5564632415771484,3160
1.5572717189788818,3160
1.5580708980560303,3160
1.5596656799316406,3160
1.5604689121246338,3160
1.5612740516662598,3160
1.5620794296264648,3160
1.5636816024780273,3160
1.5644748210906982,3160
1.5652740001678467,3160
1.5660786628723145,3160
1.5677978992462158,3160
1.5685985088348389,3160
1.5693936347961426,3160
1.570195198059082,3160
1.5717854499816895,3160
1.5725793838500977,3160
1.5733749866485596,3160
1.5741760730743408,3160
1.5757710933685303,3160
1.5765655040740967,3160
1.577373743057251,3160
1.5781726837158203,3160
1.5790894031524658,3160
1.5806827545166016,3160
1.5814812183380127,3160
1.5822813510894775,3160
1.5830845832824707,3160
1.5848000049591064,3160
1.5855953693389893,3160
1.5863935947418213,3160
1.587207555770874,3160
1.5880093574523926,3160
1.589590311050415,3160
1.5903913974761963,3160
1.591186285018921,3160
1.592782974243164,3160
1.5935828685760498,3160
1.5943806171417236,3160
1.5951831340789795,3160
1.5967919826507568,3160
1.5975863933563232,3160
1.5983872413635254,3160
1.599181890487671,3160
1.6008849143981934,3160
1.6018009185791016,3160
1.602590799331665,3160
1.6033892631530762,3160
1.604184627532959,3160
1.6057803630828857,3160
1.6065731048583984,3160
1.607381820678711,3160
1.6081836223602295,3160
1.6097691059112549,3160
1.610560417175293,3160
1.6113612651824951,3160
1.6121611595153809,3160
1.6137683391571045,3160
1.6145591735839844,3160
1.615356683731079,3160
1.6161601543426514,3160
1.6178791522979736,3160
1.6186811923980713,3160
1.6194803714752197,3160
1.6202785968780518,3160
1.621077537536621,3160
1.6227824687957764,3160
1.6235840320587158,3160
1.6243834495544434,3160
1.625178337097168,3160
1.6260859966278076,3160
1.6278049945831299,3160
1.6285960674285889,3160
1.629394292831421,3160
1.6301994323730469,3160
1.6310062408447266,3160
1.6325948238372803,3160
1.6333987712860107,3160
1.6341969966888428,3160
1.6357874870300293,3160
1.6365768909454346,3160
1.637385606765747,3160
1.6382977962493896,3160
1.6391026973724365,3160
1.6406924724578857,3160
1.641491174697876,3160
1.6422934532165527,3160
1.6430933475494385,3160
1.6446926593780518,3160
1.6454980373382568,3160
1.6462945938110352,3160
1.6471095085144043,3160
1.6486947536468506,3160
1.6494932174682617,3160
1.6502928733825684,3160
1.6510910987854004,3160
1.6527915000915527,3160
1.6537034511566162,3160
1.6545050144195557,3160
1.6553034782409668,3160
1.6561055183410645,3160
1.6578195095062256,3160
1.6586120128631592,3160
1.6594173908233643,3160
1.6602182388305664,3160
1.6610190868377686,3160
1.6626167297363281,3160
1.6634223461151123,3160
1.664222240447998,3160
1.6650238037109375,3160
1.6666088104248047,3160
1.6674132347106934,3160
1.668212652206421,3160
1.6690070629119873,3160
1.6707110404968262,3160
1.6715137958526611,3160
1.6724257469177246,3160
1.6732332706451416,3160
1.6740374565124512,3160
1.6756315231323242,3160
1.6765453815460205,3160
1.6773605346679688,3160
1.6781573295593262,3160
1.6797475814819336,3160
1.6805405616760254,3160
1.6813445091247559,3160
1.6821398735046387,3160
1.6837379932403564,3160
1.68453049659729,3160
1.6853265762329102,3160
1.6861202716827393,3160
1.6877269744873047,3160
1.6885268688201904,3160
1.6893205642700195,3160
1.6901214122772217,3160
1.6917104721069336,3160
1.692512035369873,3160
1.6933050155639648,3160
1.6941051483154297,3160
1.6956992149353027,3160
1.6964948177337646,3160
1.6974155902862549,3160
1.6982190608978271,3160
1.699016809463501,3160
1.7006025314331055,3160
1.7014014720916748,3160
1.702200174331665,3160
1.7037923336029053,3160
1.7045848369598389,3160
1.7053797245025635,3160
1.7061820030212402,3160
1.7077808380126953,3160
1.708573818206787,3160
1.709484577178955,3160
1.7102935314178467,3160
1.7110941410064697,3160
1.7120063304901123,3160
1.713597297668457,3160
1.7143969535827637,3160
1.7151939868927002,3160
1.7168047428131104,3160
1.7175979614257812,3160
1.7184011936187744,3160
1.7193150520324707,3160
1.7201128005981445,3160
1.7218246459960938,3160
1.7226183414459229,3160
1.723414659500122,3160
1.7242205142974854,3160
1.7250125408172607,3160
1.7265985012054443,3160
1.7274093627929688,3160
1.7282092571258545,3160
1.729006052017212,3160
1.7306036949157715,3160
1.731400966644287,3160
1.7323131561279297,3160
1.7331159114837646,3160
1.734694004058838,3160
1.7354943752288818,3160
1.736293077468872,3160
1.7371032238006592,3160
1.738713264465332,3160
1.7395203113555908,3160
1.7404296398162842,3160
1.7413454055786133,3160
1.7421417236328125,3160
1.7430522441864014,3160
1.7446374893188477,3160
1.745436668395996,3160
1.7462306022644043,3160
1.7470402717590332,3160
1.7486321926116943,3160
1.74943208694458,3160
1.750227689743042,3160
1.751028299331665,3160
1.7526206970214844,3160
1.753424882888794,3160
1.7542226314544678,3160
1.7550253868103027,3160
1.7566113471984863,3160
1.7575340270996094,3160
1.7583324909210205,3160
1.7591290473937988,3160
1.7607221603393555,3160
1.7615225315093994,3160
1.7623224258422852,3160
1.7631211280822754,3160
1.7647039890289307,3160
1.7655019760131836,3160
1.766308307647705,3160
1.7671198844909668,3160
1.7687098979949951,3160
1.7695043087005615,3160
1.7704143524169922,3160
1.7713253498077393,3160
1.7722387313842773,3160
1.773038625717163,3160
1.7746303081512451,3160
1.7754340171813965,3160
1.7762365341186523,3160
1.7770462036132812,3160
1.7786307334899902,3160
1.7795422077178955,3160
1.780346155166626,3160
1.7812561988830566,3160
1.7821686267852783,3160
1.7837696075439453,3160
1.7845606803894043,3160
1.7853567600250244,3160
1.7861554622650146,3160
1.7878727912902832,3160
1.788783311843872,3160
1.7895805835723877,3160
1.7903845310211182,3160
1.7911832332611084,3160
1.7920958995819092,3160
1.7936820983886719,3160
1.7944791316986084,3160
1.7952792644500732,3160
1.7960724830627441,3160
1.7976713180541992,3160
1.7984731197357178,3160
1.7992665767669678,3160
1.800065040588379,3160
1.8016595840454102,3160
1.8025720119476318,3160
1.8034822940826416,3160
1.8042807579040527,3160
1.8050782680511475,3160
1.8066720962524414,3160
1.8075926303863525,3160
1.8083891868591309,3160
1.8091895580291748,3160
1.810788631439209,3160
1.8115813732147217,3160
1.8123834133148193,3160
1.8131859302520752,3160
1.8148901462554932,3160
1.815688133239746,3160
1.8164854049682617,3160
1.8174083232879639,3160
1.818216323852539,3160
1.8190155029296875,3160
1.8207218647003174,3160
1.8215222358703613,3160
1.822319507598877,3160
1.8231148719787598,3160
1.8247003555297852,3160
1.8255043029785156,3160
1.8263025283813477,3160
1.8271126747131348,3160
1.828700304031372,3160
1.8294999599456787,3160
1.8303029537200928,3160
1.8311078548431396,3160
1.8320181369781494,3160
1.833611011505127,3160
1.8344128131866455,3160
1.835209846496582,3160
1.8360164165496826,3160
1.8376121520996094,3160
1.838409185409546,3160
1.8392088413238525,3160
1.8400061130523682,3160
1.8417115211486816,3160
1.8425164222717285,3160
1.8433115482330322,3160
1.8442270755767822,3160
1.8451378345489502,3160
1.8467192649841309,3160
1.8475265502929688,3160
1.848323106765747,3160
1.849233865737915,3160
1.8500301837921143,3160
1.8516128063201904,3160
1.8525269031524658,3160
1.853325605392456,3160
1.8541207313537598,3160
1.8557102680206299,3160
1.8565096855163574,3160
1.8573181629180908,3160
1.8581178188323975,3160
1.8597135543823242,3160
1.860511302947998,3160
1.8613126277923584,3160
1.8621134757995605,3160
1.8637092113494873,3160
1.8645129203796387,3160
1.8653202056884766,3160
1.8661181926727295,3160
1.8677189350128174,3160
1.8685176372528076,3160
1.8693125247955322,3160
1.8702266216278076,3160
1.8710236549377441,3160
1.872607707977295,3160
1.873518705368042,3160
1.874316930770874,3160
1.8751156330108643,3160
1.8767085075378418,3160
1.8775136470794678,3160
1.8783159255981445,3160
1.8791213035583496,3160
1.8807125091552734,3160
1.8815107345581055,3160
1.8823082447052002,3160
1.8832206726074219,3160
1.8840157985687256,3160
1.885605812072754,3160
1.8864092826843262,3160
1.8872175216674805,3160
1.8880207538604736,3160
1.8896076679229736,3160
1.8904056549072266,3160
1.8912055492401123,3160
1.8928022384643555,3160
1.8935976028442383,3160
1.8943946361541748,3160
1.8951950073242188,3160
1.8967883586883545,3160
1.8975918292999268,3160
1.8985044956207275,3160
1.899303913116455,3160
1.900216817855835,3160
1.9010200500488281,3160
1.9027199745178223,3160
1.9035167694091797,3160
1.9043159484863281,3160
1.9051156044006348,3160
1.9067013263702393,3160
1.9075043201446533,3160
1.90830397605896,3160
1.9091064929962158,3160
1.9106950759887695,3160
1.9114933013916016,3160
1.9122984409332275,3160
1.9130990505218506,3160
1.9148061275482178,3160
1.915609359741211,3160
1.9164090156555176,3160
1.9172208309173584,3160
1.9180262088775635,3160
1.9196131229400635,3160
1.9204118251800537,3160
1.9212050437927246,3160
1.9227969646453857,3160
1.9235966205596924,3160
1.9243967533111572,3160
1.9252033233642578,3160
1.9267973899841309,3160
1.9275929927825928,3160
1.928504467010498,3160
1.9293031692504883,3160
1.9301071166992188,3160
1.9316949844360352,3160
1.9326050281524658,3160
1.9333996772766113,3160
1.934312343597412,3160
1.935114860534668,3160
1.9366979598999023,3160
1.937509536743164,3160
1.9383094310760498,3160
1.939110279083252,3160
1.9406962394714355,3160
1.94160795211792,3160
1.9424035549163818,3160
1.94331955909729,3160
1.9441194534301758,3160
1.9458343982696533,3160
1.9467542171478271,3160
1.9475431442260742,3160
1.9483423233032227,3160
1.9491462707519531,3160
1.9507410526275635,3160
1.9515352249145508,3160
1.9523332118988037,3160
1.9532444477081299,3160
1.9540457725524902,3160
1.955639362335205,3160
1.9564399719238281,3160
1.9572553634643555,3160
1.9580566883087158,3160
1.959761619567871,3160
1.9605579376220703,3160
1.9613654613494873,3160
1.962160587310791,3160
1.963071346282959,3160
1.9646592140197754,3160
1.9655675888061523,3160
1.966369867324829,3160
1.967177391052246,3160
1.9687845706939697,3160
1.9695806503295898,3160
1.9703826904296875,3160
1.9711852073669434,3160
1.9727787971496582,3160
1.9735736846923828,3160
1.9744954109191895,3160
1.975294828414917,3160
1.9760994911193848,3160
1.9770212173461914,3160
1.978632926940918,3160
1.9794318675994873,3160
1.9803423881530762,3160
1.9811477661132812,3160
1.9827475547790527,3160
1.9835402965545654,3160
1.9843449592590332,3160
1.9851469993591309,3160
1.9860594272613525,3160
1.9877779483795166,3160
1.9885766506195068,3160
1.989377737045288,3160
1.9901807308197021,3160
1.991781234741211,3160
1.9925768375396729,3160
1.9933795928955078,3160
1.9941799640655518,3160
1.9957935810089111,3160
1.9967005252838135,3160
1.9976284503936768,3160
1.9984278678894043,3160
1.9992356300354004,3160
2.000150203704834,3160
2.0017547607421875,3160
2.0025463104248047,3160
2.003345251083374,3160
2.0041513442993164,3160
2.0057427883148193,3160
2.00653338432312,3160
2.0073442459106445,3160
2.0081450939178467,3160
2.0097286701202393,3160
2.0106401443481445,3160
2.011436939239502,3160
2.0122432708740234,3160
2.013049364089966,3160
2.0147550106048584,3160
2.0155532360076904,3160
2.016350746154785,3160
2.017162799835205,3160
2.018767833709717,3160
2.0195586681365967,3160
2.020357608795166,3160
2.0211639404296875,3160
2.022766351699829,3160
2.0235648155212402,3160
2.024364709854126,3160
2.0251638889312744,3160
2.026777505874634,3160
2.0275795459747314,3160
2.028378486633301,3160
2.029186964035034,3160
2.0307860374450684,3160
2.031581163406372,3160
2.032379627227783,3160
2.0331873893737793,3160
2.03409743309021,3160
2.035703659057617,3160
2.03650164604187,3160
2.037308692932129,3160
2.0381205081939697,3160
2.0397133827209473,3160
2.0405161380767822,3160
2.041325092315674,3160
2.042123317718506,3160
2.0437145233154297,3160
2.0445141792297363,3160
2.0453104972839355,3160
2.0461180210113525,3160
2.0477161407470703,3160
2.048516273498535,3160
2.0494332313537598,3160
2.0502328872680664,3160
2.051149368286133,3160
2.0527477264404297,3160
2.0535404682159424,3160
2.0543487071990967,3160
2.0551512241363525,3160
2.0567479133605957,3160
2.0575485229492188,3160
2.0583548545837402,3160
2.0591554641723633,3160
2.0608649253845215,3160
2.061664581298828,3160
2.0624663829803467,3160
2.0632667541503906,3160
2.064073324203491,3160
2.0656604766845703,3160
2.0665714740753174,3160
2.0673863887786865,3160
2.068185806274414,3160
2.0697758197784424,3160
2.07068133354187,3160
2.071478843688965,3160
2.0722813606262207,3160
2.0730791091918945,3160
2.07466983795166,3160
2.0755856037139893,3160
2.0763890743255615,3160
2.0771985054016113,3160
2.0787878036499023,3160
2.0795798301696777,3160
2.0803847312927246,3160
2.081183910369873,3160
2.0827696323394775,3160
2.0835623741149902,3160
2.0843594074249268,3160
2.0851616859436035,3160
2.0867667198181152,3160
2.087557792663574,3160
2.088357925415039,3160
2.089165210723877,3160
2.090757369995117,3160
2.0916669368743896,3160
2.092463970184326,3160
2.09326434135437,3160
2.0940701961517334,3160
2.095661163330078,3160
2.096461772918701,3160
2.0972723960876465,3160
2.098189353942871,3160
2.099782705307007,3160
2.100576639175415,3160
2.1013808250427246,3160
2.1021807193756104,3160
2.103773355484009,3160
2.104567289352417,3160
2.1053693294525146,3160
2.1062850952148438,3160
2.1072089672088623,3160
2.108013868331909,3160
2.1096010208129883,3160
2.110395908355713,3160
2.1112046241760254,3160
2.11279559135437,3160
2.1135919094085693,3160
2.114393472671509,3160
2.1151926517486572,3160
2.116791248321533,3160
2.1175830364227295,3160
2.1183807849884033,3160
2.11918306350708,3160
2.1207895278930664,3160
2.1215803623199463,3160
2.1223864555358887,3160
2.1231846809387207,3160
2.1247777938842773,3160
2.125576972961426,3160
2.126490592956543,3160
2.127295970916748,3160
2.128209114074707,3160
2.1290125846862793,3160
2.130594491958618,3160
2.1313936710357666,3160
2.1322009563446045,3160
2.133796453475952,3160
2.134589433670044,3160
2.1353871822357178,3160
2.1361820697784424,3160
2.137801170349121,3160
2.138589859008789,3160
2.1393883228302,3160
2.1401925086975098,3160
2.1417832374572754,3160
2.142582654953003,3160
2.143388032913208,3160
2.1441867351531982,3160
2.1458921432495117,3160
2.14668869972229,3160
2.14750337600708,3160
2.148306369781494,3160
2.149101495742798,3160
2.150686264038086,3160
2.1514899730682373,3160
2.1522912979125977,3160
2.1530921459198,3160
2.154684543609619,3160
2.1554901599884033,3160
2.1562910079956055,3160
2.1570963859558105,3160
2.1588048934936523,3160
2.1596028804779053,3160
2.16040301322937,3160
2.1612043380737305,3160
2.162114381790161,3160
2.1637122631073,3160
2.164510726928711,3160
2.1653099060058594,3160
2.166226863861084,3160
2.1670384407043457,3160
2.1687428951263428,3160
2.1695306301116943,3160
2.1703262329101562,3160
2.171128749847412,3160
2.1728384494781494,3160
2.1736347675323486,3160
2.174441337585449,3160
2.1752443313598633,3160
2.176046848297119,3160
2.1777658462524414,3160
2.178565263748169,3160
2.179476022720337,3160
2.180279493331909,3160
2.1810789108276367,3160
2.182788848876953,3160
2.183584690093994,3160
2.1843814849853516,3160
2.185177803039551,3160
2.186777114868164,3160
2.1875672340393066,3160
2.1883716583251953,3160
2.189173936843872,3160
2.1907734870910645,3160
2.191680669784546,3160
2.192478895187378,3160
2.193286418914795,3160
2.1940860748291016,3160
2.1956732273101807,3160
2.1964704990386963,3160
2.19728422164917,3160
2.1980865001678467,3160
2.199678421020508,3160
2.2004847526550293,3160
2.2012860774993896,3160
2.202086925506592,3160
2.203791618347168,3160
2.2045865058898926,3160
2.205503463745117,3160
2.206303119659424,3160
2.2072248458862305,3160
2.2081387042999268,3160
2.209725856781006,3160
2.210522174835205,3160
2.21132755279541,3160
2.212244987487793,3160
2.213045358657837,3160
2.214630365371704,3160
2.2154314517974854,3160
2.2163655757904053,3160
2.2172954082489014,3160
2.218209981918335,3160
2.219010591506958,3160
2.220712900161743,3160
2.2215147018432617,3160
2.2223117351531982,3160
2.2231152057647705,3160
2.224701404571533,3160
2.225501298904419,3160
2.2263033390045166,3160
2.227113723754883,3160
2.2287049293518066,3160
2.2296175956726074,3160
2.2304232120513916,3160
2.231224775314331,3160
2.232024908065796,3160
2.2336127758026123,3160
2.2344107627868652,3160
2.235213279724121,3160
2.2360141277313232,3160
2.2376227378845215,3160
2.238534927368164,3160
2.239445686340332,3160
2.2402491569519043,3160
2.24104905128479,3160
2.242753505706787,3160
2.243551254272461,3160
2.244349718093872,3160
2.2452614307403564,3160
2.2460689544677734,3160
2.2476727962493896,3160
2.2484798431396484,3160
2.2492856979370117,3160
2.250084638595581,3160
2.2517895698547363,3160
2.252582550048828,3160
2.2533764839172363,3160
2.2541844844818115,3160
2.255772113800049,3160
2.2565622329711914,3160
2.2574832439422607,3160
2.2582814693450928,3160
2.259082317352295,3160
2.2606711387634277,3160
2.261470079421997,3160
2.26227068901062,3160
2.2631888389587402,3160
2.264791250228882,3160
2.265697717666626,3160
2.26649808883667,3160
2.267312526702881,3160
2.268110752105713,3160
2.269026517868042,3160
2.270615577697754,3160
2.271411180496216,3160
2.2722136974334717,3160
2.273005485534668,3160
2.27459979057312,3160
2.2753944396972656,3160
2.2761943340301514,3160
2.277796745300293,3160
2.2785849571228027,3160
2.2793822288513184,3160
2.280294895172119,3160
2.2810966968536377,3160
2.282006025314331,3160
2.2835986614227295,3160
2.2844042778015137,3160
2.285200834274292,3160
2.286008834838867,3160
2.2877182960510254,3160
2.2885189056396484,3160
2.289435386657715,3160
2.2902369499206543,3160
2.29103684425354,3160
2.2926347255706787,3160
2.2934417724609375,3160
2.2942442893981934,3160
2.2950408458709717,3160
2.296761989593506,3160
2.297673463821411,3160
2.2984731197357178,3160
2.299384832382202,3160
2.300185441970825,3160
2.301893949508667,3160
2.3026881217956543,3160
2.303600549697876,3160
2.304403781890869,3160
2.3053152561187744,3160
2.3061153888702393,3160
2.307713270187378,3160
2.3085107803344727,3160
2.3093132972717285,3160
2.3101136684417725,3160
2.311713695526123,3160
2.3125178813934326,3160
2.3133153915405273,3160
2.3141143321990967,3160
2.315828323364258,3160
2.316619634628296,3160
2.317430257797241,3160
2.318232297897339,3160
2.3190340995788574,3160
2.3206236362457275,3160
2.3214290142059326,3160
2.3222289085388184,3160
2.3230292797088623,3160
2.3246240615844727,3160
2.325423002243042,3160
2.32633638381958,3160
2.3272693157196045,3160
2.3280680179595947,3160
2.329777717590332,3160
2.330578088760376,3160
2.3313851356506348,3160
2.332185745239258,3160
2.333775281906128,3160
2.334568738937378,3160
2.335484266281128,3160
2.336287260055542,3160
2.337096929550171,3160
2.3386881351470947,3160
2.339484214782715,3160
2.340285301208496,3160
2.341198444366455,3160
2.3427891731262207,3160
2.3435840606689453,3160
2.34438157081604,3160
2.3451850414276123,3160
2.346785306930542,3160
2.347691297531128,3160
2.3484947681427,3160
2.349299669265747,3160
2.3501009941101074,3160
2.351686954498291,3160
2.3524837493896484,3160
2.353281021118164,3160
2.3540830612182617,3160
2.3556761741638184,3160
2.35658860206604,3160
2.357396125793457,3160
2.3581998348236084,3160
2.3590073585510254,3160
2.360593795776367,3160
2.3613972663879395,3160
2.362196922302246,3160
2.3637852668762207,3160
2.3645989894866943,3160
2.365398645401001,3160
2.366196870803833,3160
2.3679070472717285,3160
2.368701457977295,3160
2.369503974914551,3160
2.3703222274780273,3160
2.3711283206939697,3160
2.3727221488952637,3160
2.373523712158203,3160
2.374321699142456,3160
2.3751237392425537,3160
2.3767125606536865,3160
2.3775196075439453,3160
2.378321409225464,3160
2.3791205883026123,3160
2.380829334259033,3160
2.381618022918701,3160
2.3824164867401123,3160
2.3832168579101562,3160
2.3841311931610107,3160
2.3857200145721436,3160
2.3865153789520264,3160
2.3873250484466553,3160
2.3881301879882812,3160
2.3897197246551514,3160
2.3905203342437744,3160
2.3913192749023438,3160
2.3921244144439697,3160
2.393033504486084,3160
2.3947277069091797,3160
2.3955299854278564,3160
2.39632511138916,3160
2.3971383571624756,3160
2.398724317550659,3160
2.3995249271392822,3160
2.40032958984375,3160
2.4011311531066895,3160
2.402719736099243,3160
2.403632164001465,3160
2.404783010482788,3160
2.405588388442993,3160
2.406395196914673,3160
2.4073264598846436,3160
2.4081263542175293,3160
2.4097135066986084,3160
2.4105310440063477,3160
2.4113380908966064,3160
2.412146806716919,3160
2.4137585163116455,3160
2.4145548343658447,3160
2.4153542518615723,3160
2.416160821914673,3160
2.417762041091919,3160
2.4186744689941406,3160
2.4195854663848877,3160
2.4203879833221436,3160
2.4211859703063965,3160
2.4227890968322754,3160
2.4236998558044434,3160
2.424501419067383,3160
2.4252986907958984,3160
2.4262146949768066,3160
2.427031993865967,3160
2.4286253452301025,3160
2.4294214248657227,3160
2.4302260875701904,3160
2.4310240745544434,3160
2.4326131343841553,3160
2.4334192276000977,3160
2.4342195987701416,3160
2.4350171089172363,3160
2.4366116523742676,3160
2.437422037124634,3160
2.4382312297821045,3160
2.439030647277832,3160
2.4407384395599365,3160
2.441533327102661,3160
2.4423320293426514,3160
2.443129777908325,3160
2.4447247982025146,3160
2.4455251693725586,3160
2.4463272094726562,3160
2.4471399784088135,3160
2.4487264156341553,3160
2.4495365619659424,3160
2.4503366947174072,3160
2.4511382579803467,3160
2.4527266025543213,3160
2.4535210132598877,3160
2.4544334411621094,3160
2.4553465843200684,3160
2.4561495780944824,3160
2.4577505588531494,3160
2.4585459232330322,3160
2.4593493938446045,3160
2.4601447582244873,3160
2.4617397785186768,3160
2.4625372886657715,3160
2.4634499549865723,3160
2.4642493724823,3160
2.465047597885132,3160
2.4666388034820557,3160
2.467456102371216,3160
2.468254327774048,3160
2.4690604209899902,3160
2.470644235610962,3160
2.4714512825012207,3160
2.47225284576416,3160
2.4730567932128906,3160
2.4746482372283936,3160
2.4754562377929688,3160
2.476257085800171,3160
2.4770710468292236,3160
2.4787769317626953,3160
2.479574680328369,3160
2.4803836345672607,3160
2.481178045272827,3160
2.4827702045440674,3160
2.4835734367370605,3160
2.484373092651367,3160
2.4851737022399902,3160
2.4867801666259766,3160
2.487576961517334,3160
2.4883792400360107,3160
2.4891788959503174,3160
2.4907660484313965,3160
2.491563081741333,3160
2.4923641681671143,3160
2.493164300918579,3160
2.494767427444458,3160
2.4955673217773438,3160
2.496363878250122,3160
2.497182846069336,3160
2.498897075653076,3160
2.499697208404541,3160
2.500502824783325,3160
2.5012993812561035,3160
2.5021042823791504,3160
2.5036985874176025,3160
2.504497528076172,3160
2.5053017139434814,3160
2.5061042308807373,3160
2.5078225135803223,3160
2.508617877960205,3160
2.5094292163848877,3160
2.5102322101593018,3160
2.5110325813293457,3160
2.5127391815185547,3160
2.5135321617126465,3160
2.514331340789795,3160
2.5152454376220703,3160
2.516042470932007,3160
2.517650604248047,3160
2.518458366394043,3160
2.519261598587036,3160
2.5200603008270264,3160
2.5216541290283203,3160
2.522458553314209,3160
2.523254632949829,3160
2.5240588188171387,3160
2.5256497859954834,3160
2.5264453887939453,3160
2.527254581451416,3160
2.528050422668457,3160
2.529646635055542,3160
2.530449867248535,3160
2.531254291534424,3160
2.5320589542388916,3160
2.5336527824401855,3160
2.5344488620758057,3160
2.5352511405944824,3160
2.536055564880371,3160
2.5376546382904053,3160
2.538455009460449,3160
2.5392539501190186,3160
2.5400540828704834,3160
2.541635513305664,3160
2.542435646057129,3160
2.5432331562042236,3160
2.544032573699951,3160
2.54561710357666,3160
2.546421527862549,3160
2.547239303588867,3160
2.548046112060547,3160
2.5496416091918945,3160
2.550442934036255,3160
2.5512442588806152,3160
2.5520458221435547,3160
2.5536439418792725,3160
2.554447650909424,3160
2.555246114730835,3160
2.5561630725860596,3160
2.5577666759490967,3160
2.5585591793060303,3160
2.5593619346618652,3160
2.560159206390381,3160
2.5617551803588867,3160
2.562549114227295,3160
2.5633504390716553,3160
2.564157724380493,3160
2.565864086151123,3160
2.5666582584381104,3160
2.5674681663513184,3160
2.568272113800049,3160
2.5690739154815674,3160
2.5706615447998047,3160
2.5714597702026367,3160
2.5722644329071045,3160
2.5730674266815186,3160
2.5746538639068604,3160
2.5754551887512207,3160
2.576249837875366,3160
2.577176570892334,3160
2.5787668228149414,3160
2.5795552730560303,3160
2.580352544784546,3160
2.5811514854431152,3160
2.5827465057373047,3160
2.583545446395874,3160
2.5843429565429688,3160
2.5851690769195557,3160
2.5867760181427,3160
2.5875678062438965,3160
2.588372230529785,3160
2.5891671180725098,3160
2.590078115463257,3160
2.5916712284088135,3160
2.592463970184326,3160
2.593266487121582,3160
2.594064712524414,3160
2.595766305923462,3160
2.5965592861175537,3160
2.597365617752075,3160
2.5981621742248535,3160
2.599754571914673,3160
2.6005470752716064,3160
2.6013495922088623,3160
2.60215425491333,3160
2.603863000869751,3160
2.6046576499938965,3160
2.6054625511169434,3160
2.6062610149383545,3160
2.607182502746582,3160
2.608776569366455,3160
2.6095707416534424,3160
2.6103687286376953,3160
2.6111764907836914,3160
2.612766742706299,3160
2.6135566234588623,3160
2.614360809326172,3160
2.615159034729004,3160
2.6167595386505127,3160
2.617560625076294,3160
2.6183557510375977,3160
2.6191587448120117,3160
2.620863437652588,3160
2.6216580867767334,3160
2.622457504272461,3160
2.6232588291168213,3160
2.6240572929382324,3160
2.6256513595581055,3160
2.626444101333618,3160
2.627254009246826,3160
2.628056764602661,3160
2.6296451091766357,3160
2.630451202392578,3160
2.631247043609619,3160
2.6320419311523438,3160
2.633634328842163,3160
2.634547472000122,3160
2.635347604751587,3160
2.6361427307128906,3160
2.637753486633301,3160
2.638554096221924,3160
2.639349937438965,3160
2.640151023864746,3160
2.6417415142059326,3160
2.642540693283081,3160
2.6434528827667236,3160
2.644253730773926,3160
2.6450588703155518,3160
2.6468863487243652,3160
2.64768385887146,3160
2.6484811305999756,3160
2.6492791175842285,3160
2.6500794887542725,3160
2.651674270629883,3160
2.6524739265441895,3160
2.653280258178711,3160
2.6540768146514893,3160
2.655668020248413,3160
2.6564695835113525,3160
2.657393455505371,3160
2.658191680908203,3160
2.6597793102264404,3160
2.660578489303589,3160
2.661388397216797,3160
2.662191390991211,3160
2.6638922691345215,3160
2.664684534072876,3160
2.665482759475708,3160
2.6662847995758057,3160
2.667097806930542,3160
2.6686878204345703,3160
2.6694891452789307,3160
2.6702919006347656,3160
2.671091318130493,3160
2.672797918319702,3160
2.673588991165161,3160
2.6743927001953125,3160
2.6751911640167236,3160
2.676802158355713,3160
2.6777095794677734,3160
2.678508996963501,3160
2.6793112754821777,3160
2.68011474609375,3160
2.681704521179199,3160
2.6824986934661865,3160
2.6834094524383545,3160
2.684220314025879,3160
2.6850171089172363,3160
2.6866044998168945,3160
2.687415599822998,3160
2.688214063644409,3160
2.689009428024292,3160
2.6906023025512695,3160
2.691406011581421,3160
2.692206859588623,3160
2.6937947273254395,3160
2.6945865154266357,3160
2.6954996585845947,3160
2.696301221847534,3160
2.6971094608306885,3160
2.6988258361816406,3160
2.699613571166992,3160
2.700421094894409,3160
2.701218366622925,3160
2.7020163536071777,3160
2.7037160396575928,3160
2.7045154571533203,3160
2.705314874649048,3160
2.7062296867370605,3160
2.707040309906006,3160
2.7087490558624268,3160
2.7095437049865723,3160
2.7103471755981445,3160
2.7111480236053467,3160
2.7127397060394287,3160
2.7135345935821533,3160
2.7143330574035645,3160
2.71524715423584,3160
2.7160470485687256,3160
2.717639684677124,3160
2.718440294265747,3160
2.719356060028076,3160
2.720156192779541,3160
2.721067428588867,3160
2.722656726837158,3160
2.723459005355835,3160
2.7243752479553223,3160
2.725184679031372,3160
2.7267942428588867,3160
2.727590799331665,3160
2.728386878967285,3160
2.72918701171875,3160
2.7307870388031006,3160
2.731581687927246,3160
2.732379913330078,3160
2.733182430267334,3160
2.734771966934204,3160
2.735567808151245,3160
2.7363662719726562,3160
2.7371788024902344,3160
2.738797903060913,3160
2.739598274230957,3160
2.7404043674468994,3160
2.7412147521972656,3160
2.7420220375061035,3160
2.7436156272888184,3160
2.74442458152771,3160
2.74533748626709,3160
2.74613618850708,3160
2.7477452754974365,3160
2.7485363483428955,3160
2.7493317127227783,3160
2.7501277923583984,3160
2.751720666885376,3160
2.7525253295898438,3160
2.7533249855041504,3160
2.7541208267211914,3160
2.7550318241119385,3160
2.7566170692443848,3160
2.7574307918548584,3160
2.7582294940948486,3160
2.7591469287872314,3160
2.760730504989624,3160
2.761528491973877,3160
2.7624430656433105,3160
2.7632415294647217,3160
2.764050245285034,3160
2.765871047973633,3160
2.766658306121826,3160
2.767472267150879,3160
2.7682766914367676,3160
2.769191026687622,3160
2.7707858085632324,3160
2.7715799808502197,3160
2.77238130569458,3160
2.773184061050415,3160
2.7748913764953613,3160
2.775682210922241,3160
2.776482105255127,3160
2.777296543121338,3160
2.7780988216400146,3160
2.779696226119995,3160
2.7804911136627197,3160
2.7814033031463623,3160
2.782214403152466,3160
2.783012866973877,3160
2.784604549407959,3160
2.78540301322937,3160
2.7862040996551514,3160
2.7870161533355713,3160
2.7886040210723877,3160
2.7894036769866943,3160
2.7902088165283203,3160
2.7910056114196777,3160
2.792587995529175,3160
2.793386220932007,3160
2.7941856384277344,3160
2.795098066329956,3160
2.7966818809509277,3160
2.79748797416687,3160
2.798293113708496,3160
2.7990949153900146,3160
2.8006844520568848,3160
2.8015975952148438,3160
2.802394151687622,3160
2.8032000064849854,3160
2.804004669189453,3160
2.8057124614715576,3160
2.8065109252929688,3160
2.807316541671753,3160
2.8081166744232178,3160
2.809699535369873,3160
2.810497760772705,3160
2.8114123344421387,3160
2.8122119903564453,3160
2.813011884689331,3160
2.8145933151245117,3160
2.8153958320617676,3160
2.8163130283355713,3160
2.8171300888061523,3160
2.8187243938446045,3160
2.8195204734802246,3160
2.8203232288360596,3160
2.8211283683776855,3160
2.8228323459625244,3160
2.8236262798309326,3160
2.8244271278381348,3160
2.825230360031128,3160
2.826026678085327,3160
2.827625274658203,3160
2.828538417816162,3160
2.829336166381836,3160
2.8301408290863037,3160
2.831051826477051,3160
2.832645893096924,3160
2.8334479331970215,3160
2.8342504501342773,3160
2.8351633548736572,3160
2.8367817401885986,3160
2.8376893997192383,3160
2.8384854793548584,3160
2.8392865657806396,3160
2.840080738067627,3160
2.841787576675415,3160
2.8426926136016846,3160
2.8434910774230957,3160
2.844407796859741,3160
2.8452095985412598,3160
2.846012830734253,3160
2.8476123809814453,3160
2.84840726852417,3160
2.849208116531372,3160
2.8500053882598877,3160
2.851707696914673,3160
2.8526220321655273,3160
2.853424072265625,3160
2.8543362617492676,3160
2.8551323413848877,3160
2.856855869293213,3160
2.8576548099517822,3160
2.8585684299468994,3160
2.859483003616333,3160
2.8602845668792725,3160
2.861091136932373,3160
2.862689971923828,3160
2.863603353500366,3160
2.8644049167633057,3160
2.865206480026245,3160
2.8660073280334473,3160
2.8677151203155518,3160
2.8686273097991943,3160
2.8694331645965576,3160
2.8702404499053955,3160
2.871044874191284,3160
2.8726377487182617,3160
2.8734333515167236,3160
2.874234437942505,3160
2.8751473426818848,3160
2.8760578632354736,3160
2.877655506134033,3160
2.878451108932495,3160
2.8792498111724854,3160
2.8800504207611084,3160
2.8816380500793457,3160
2.8824357986450195,3160
2.8832409381866455,3160
2.884040117263794,3160
2.885636329650879,3160
2.886444091796875,3160
2.887255907058716,3160
2.8880577087402344,3160
2.8896565437316895,3160
2.8904566764831543,3160
2.8912580013275146,3160
2.892061233520508,3160
2.8937740325927734,3160
2.894566297531128,3160
2.8953683376312256,3160
2.8961732387542725,3160
2.8977770805358887,3160
2.898683786392212,3160
2.8994839191436768,3160
2.900287628173828,3160
2.9010887145996094,3160
2.902676582336426,3160
2.9034719467163086,3160
2.9042716026306152,3160
2.9051904678344727,3160
2.9067909717559814,3160
2.907588005065918,3160
2.9085052013397217,3160
2.909306526184082,3160
2.910222053527832,3160
2.9110169410705566,3160
2.912597417831421,3160
2.9133987426757812,3160
2.9141993522644043,3160
2.9157891273498535,3160
2.91658878326416,3160
2.9175124168395996,3160
2.9183123111724854,3160
2.919111728668213,3160
2.9207022190093994,3160
2.921499252319336,3160
2.922302007675171,3160
2.9231090545654297,3160
2.924703598022461,3160
2.925506830215454,3160
2.9263057708740234,3160
2.9271178245544434,3160
2.9287033081054688,3160
2.9296183586120605,3160
2.930415630340576,3160
2.9312193393707275,3160
2.9320223331451416,3160
2.9337213039398193,3160
2.9345226287841797,3160
2.9354360103607178,3160
2.9362475872039795,3160
2.937065601348877,3160
2.9386489391326904,3160
2.9394490718841553,3160
2.9402451515197754,3160
2.9410457611083984,3160
2.9426321983337402,3160
2.9434316158294678,3160
2.944345235824585,3160
2.9452571868896484,3160
2.9460504055023193,3160
2.9477734565734863,3160
2.9485654830932617,3160
2.949369192123413,3160
2.950282096862793,3160
2.951082706451416,3160
2.9526729583740234,3160
2.953479051589966,3160
2.9542856216430664,3160
2.9550819396972656,3160
2.9566702842712402,3160
2.957474946975708,3160
2.958282470703125,3160
2.9590837955474854,3160
2.9607958793640137,3160
2.9615914821624756,3160
2.962392568588257,3160
2.963193893432617,3160
2.9647860527038574,3160
2.965583562850952,3160
2.966381549835205,3160
2.9671921730041504,3160
2.9687883853912354,3160
2.969693899154663,3160
2.970494508743286,3160
2.9712986946105957,3160
2.9720938205718994,3160
2.9736859798431396,3160
2.9744863510131836,3160
2.9752888679504395,3160
2.976200580596924,3160
2.977005958557129,3160
2.978602409362793,3160
2.9793970584869385,3160
2.9802000522613525,3160
2.9817934036254883,3160
2.982698917388916,3160
2.983504056930542,3160
2.9843053817749023,3160
2.9851064682006836,3160
2.98681640625,3160
2.987616777420044,3160
2.9884185791015625,3160
2.9892220497131348,3160
2.9900190830230713,3160
2.99161434173584,3160
2.9924116134643555,3160
2.99322247505188,3160
2.9940171241760254,3160
2.995607852935791,3160
2.996413230895996,3160
2.9972312450408936,3160
2.998033046722412,3160
2.9996254444122314,3160
3.0004286766052246,3160
3.0012269020080566,3160
3.002023458480835,3160
3.003614902496338,3160
3.0044164657592773,3160
3.005223274230957,3160
3.006136894226074,3160
3.0077383518218994,3160
3.008527994155884,3160
3.009323835372925,3160
3.0101258754730225,3160
3.0117127895355225,3160
3.0125112533569336,3160
3.0133159160614014,3160
3.0141167640686035,3160
3.015702486038208,3160
3.0165042877197266,3160
3.0174288749694824,3160
3.01823091506958,3160
3.019031286239624,3160
3.020615339279175,3160
3.021409749984741,3160
3.0223264694213867,3160
3.0231268405914307,3160
3.024714231491089,3160
3.0255086421966553,3160
3.0263137817382812,3160
3.0271294116973877,3160
3.0287270545959473,3160
3.0295321941375732,3160
3.03033447265625,3160
3.0312485694885254,3160
3.0321614742279053,3160
3.0337533950805664,3160
3.0345494747161865,3160
3.035346746444702,3160
3.0361440181732178,3160
3.0370631217956543,3160
3.0386524200439453,3160
3.0395658016204834,3160
3.0403623580932617,3160
3.0411622524261475,3160
3.0427610874176025,3160
3.043548345565796,3160
3.0443460941314697,3160
3.045154571533203,3160
3.0467617511749268,3160
3.0475564002990723,3160
3.048354148864746,3160
3.049154043197632,3160
3.050748348236084,3160
3.051546096801758,3160
3.052344799041748,3160
3.0531458854675293,3160
3.054054021835327,3160
3.0556416511535645,3160
3.0564444065093994,3160
3.0573668479919434,3160
3.0582807064056396,3160
3.0590803623199463,3160
3.0608980655670166,3160
3.061694860458374,3160
3.062608242034912,3160
3.063520669937134,3160
3.064321994781494,3160
3.065127372741699,3160
3.0667104721069336,3160
3.0675160884857178,3160
3.0684335231781006,3160
3.069347381591797,3160
3.0701448917388916,3160
3.07174015045166,3160
3.072540283203125,3160
3.0733420848846436,3160
3.074138641357422,3160
3.0757269859313965,3160
3.0766444206237793,3160
3.077457904815674,3160
3.078253746032715,3160
3.079054117202759,3160
3.0806453227996826,3160
3.0815587043762207,3160
3.0823585987091064,3160
3.0832717418670654,3160
3.0840773582458496,3160
3.0856757164001465,3160
3.086477279663086,3160
3.0872905254364014,3160
3.088099241256714,3160
3.0896921157836914,3160
3.0906076431274414,3160
3.091414213180542,3160
3.0922155380249023,3160
3.093010663986206,3160
3.0945992469787598,3160
3.0953969955444336,3160
3.096207618713379,3160
3.097010374069214,3160
3.09871768951416,3160
3.0995190143585205,3160
3.100318431854248,3160
3.101123332977295,3160
3.1027145385742188,3160
3.103515625,3160
3.1043169498443604,3160
3.1051135063171387,3160
3.1067004203796387,3160
3.1075191497802734,3160
3.108431816101074,3160
3.1093435287475586,3160
3.110138416290283,3160
3.11173152923584,3160
3.112643241882324,3160
3.1134467124938965,3160
3.1142518520355225,3160
3.115051746368408,3160
3.1166446208953857,3160
3.1174514293670654,3160
3.1182479858398438,3160
3.1190521717071533,3160
3.120643138885498,3160
3.1214394569396973,3160
3.1222472190856934,3160
3.123044967651367,3160
3.1246306896209717,3160
3.125439405441284,3160
3.126352071762085,3160
3.127163887023926,3160
3.12876033782959,3160
3.129556655883789,3160
3.1303603649139404,3160
3.1312739849090576,3160
3.132075309753418,3160
3.133671283721924,3160
3.134584426879883,3160
3.135385751724243,3160
3.1363027095794678,3160
3.1372292041778564,3160
3.1380326747894287,3160
3.13975191116333,3160
3.1405415534973145,3160
3.1413424015045166,3160
3.142151355743408,3160
3.1430609226226807,3160
3.1446495056152344,3160
3.145448923110962,3160
3.1462514400482178,3160
3.1470584869384766,3160
3.148663282394409,3160
3.149465560913086,3160
3.1502633094787598,3160
3.1510655879974365,3160
3.1526548862457275,3160
3.1534574031829834,3160
3.1543707847595215,3160
3.155283212661743,3160
3.15608811378479,3160
3.1578125953674316,3160
3.158604860305786,3160
3.1595218181610107,3160
3.1603329181671143,3160
3.1611392498016357,3160
3.162729024887085,3160
3.1636393070220947,3160
3.164440870285034,3160
3.165357828140259,3160
3.166163206100464,3160
3.1677632331848145,3160
3.1685543060302734,3160
3.1693532466888428,3160
3.1701598167419434,3160
3.171750783920288,3160
3.172544240951538,3160
3.1733438968658447,3160
3.1741414070129395,3160
3.175726890563965,3160
3.1765284538269043,3160
3.177341938018799,3160
3.1781392097473145,3160
3.1797385215759277,3160
3.1805331707000732,3160
3.1813299655914307,3160
3.1821303367614746,3160
3.183717966079712,3160
3.184526205062866,3160
3.185321092605591,3160
3.1861186027526855,3160
3.1877264976501465,3160
3.188523292541504,3160
3.189321517944336,3160
3.19012713432312,3160
3.1917173862457275,3160
3.19252347946167,3160
3.1933279037475586,3160
3.194244861602783,3160
3.1950440406799316,3160
3.1966307163238525,3160
3.1975560188293457,3160
3.1983587741851807,3160
3.199160099029541,3160
3.2007594108581543,3160
3.201547622680664,3160
3.2023487091064453,3160
3.2032618522644043,3160
3.2040672302246094,3160
3.2058911323547363,3160
3.2066867351531982,3160
3.207496404647827,3160
3.208296060562134,3160
3.2090959548950195,3160
3.2106802463531494,3160
3.2114768028259277,3160
3.2122766971588135,3160
3.213082790374756,3160
3.2146759033203125,3160
3.2154786586761475,3160
3.2163946628570557,3160
3.2172038555145264,3160
3.218116283416748,3160
3.2190258502960205,3160
3.2206220626831055,3160
3.2214229106903076,3160
3.222221612930298,3160
3.223021984100342,3160
3.224609136581421,3160
3.2254116535186768,3160
3.2262115478515625,3160
3.227018117904663,3160
3.2286128997802734,3160
3.229414463043213,3160
3.2302119731903076,3160
3.231006622314453,3160
3.2327075004577637,3160
3.23351788520813,3160
3.234316110610962,3160
3.2351181507110596,3160
3.2367122173309326,3160
3.237517833709717,3160
3.238316535949707,3160
3.2391183376312256,3160
3.2407164573669434,3160
3.241520404815674,3160
3.242321252822876,3160
3.2431211471557617,3160
3.244718551635742,3160
3.2455191612243652,3160
3.246316432952881,3160
3.247127056121826,3160
3.248725414276123,3160
3.2495322227478027,3160
3.2503271102905273,3160
3.251126289367676,3160
3.25272536277771,3160
3.2535195350646973,3160
3.2543256282806396,3160
3.2551283836364746,3160
3.2567248344421387,3160
3.257538080215454,3160
3.258450746536255,3160
3.2592570781707764,3160
3.2600533962249756,3160
3.2616395950317383,3160
3.2624411582946777,3160
3.263246774673462,3160
3.2640483379364014,3160
3.2657594680786133,3160
3.266547918319702,3160
3.2673592567443848,3160
3.2681634426116943,3160
3.269073724746704,3160
3.2706634998321533,3160
3.271573066711426,3160
3.2724857330322266,3160
3.273287057876587,3160
3.274092674255371,3160
3.2756824493408203,3160
3.276477575302124,3160
3.2772908210754395,3160
3.2780916690826416,3160
3.2796730995178223,3160
3.280585289001465,3160
3.281383752822876,3160
3.282191514968872,3160
3.283102512359619,3160
3.2846899032592773,3160
3.2854883670806885,3160
3.2862935066223145,3160
3.2871055603027344,3160
3.2886972427368164,3160
3.289501428604126,3160
3.29030179977417,3160
3.2911033630371094,3160
3.2926931381225586,3160
3.2934987545013428,3160
3.2943005561828613,3160
3.295104742050171,3160
3.2968263626098633,3160
3.297619581222534,3160
3.298417568206787,3160
3.2992172241210938,3160
3.3000130653381348,3160
3.301720142364502,3160
3.302520751953125,3160
3.3033251762390137,3160
3.3041343688964844,3160
3.3057267665863037,3160
3.306523323059082,3160
3.307332992553711,3160
3.308140277862549,3160
3.3097479343414307,3160
3.3105435371398926,3160
3.3113458156585693,3160
3.3121466636657715,3160
3.3137314319610596,3160
3.3145289421081543,3160
3.315324306488037,3160
3.3161227703094482,3160
3.3170413970947266,3160
3.3187570571899414,3160
3.319551467895508,3160
3.3203508853912354,3160
3.3211517333984375,3160
3.3227450847625732,3160
3.3235414028167725,3160
3.324345111846924,3160
3.3251445293426514,3160
3.326758623123169,3160
3.327557325363159,3160
3.328359603881836,3160
3.3291680812835693,3160
3.330770492553711,3160
3.3315603733062744,3160
3.3323581218719482,3160
3.3331615924835205,3160
3.3347556591033936,3160
3.3355553150177,3160
3.336355686187744,3160
3.337280750274658,3160
3.3380823135375977,3160
3.339677333831787,3160
3.3405914306640625,3160
3.3415043354034424,3160
3.342308282852173,3160
3.3431079387664795,3160
3.3446924686431885,3160
3.345493793487549,3160
3.3462939262390137,3160
3.34710431098938,3160
3.348806619644165,3160
3.349713087081909,3160
3.350522756576538,3160
3.3513174057006836,3160
3.3522322177886963,3160
3.3530359268188477,3160
3.3546242713928223,3160
3.3554248809814453,3160
3.3562238216400146,3160
3.3570351600646973,3160
3.3586246967315674,3160
3.3594300746917725,3160
3.3602256774902344,3160
3.3611397743225098,3160
3.3627305030822754,3160
3.363527297973633,3160
3.3643476963043213,3160
3.365154504776001,3160
3.366762638092041,3160
3.367555856704712,3160
3.368351697921753,3160
3.369156837463379,3160
3.370073080062866,3160
3.3716793060302734,3160
3.372476577758789,3160
3.373276710510254,3160
3.3740766048431396,3160
3.3756582736968994,3160
3.376572847366333,3160
3.3773841857910156,3160
3.378183364868164,3160
3.3797755241394043,3160
3.3806824684143066,3160
3.3814806938171387,3160
3.3823940753936768,3160
3.3831963539123535,3160
3.3847925662994385,3160
3.385586977005005,3160
3.386394500732422,3160
3.38720440864563,3160
3.3880040645599365,3160
3.389589309692383,3160
3.3903870582580566,3160
3.3911852836608887,3160
3.392780303955078,3160
3.393568754196167,3160
3.3943753242492676,3160
3.39517879486084,3160
3.3967907428741455,3160
3.397584915161133,3160
3.39849853515625,3160
3.3994171619415283,3160
3.400329113006592,3160
3.401132345199585,3160
3.4027256965637207,3160
3.4035277366638184,3160
3.404498338699341,3160
3.405836343765259,3160
3.4066364765167236,3160
3.4074482917785645,3160
3.4082705974578857,3160
3.4090797901153564,3160
3.4106760025024414,3160
3.411496639251709,3160
3.412302017211914,3160
3.4131064414978027,3160
3.414025068283081,3160
3.415728807449341,3160
3.4165356159210205,3160
3.417341709136963,3160
3.418140411376953,3160
3.419856548309326,3160
3.4206509590148926,3160
3.4214470386505127,3160
3.422243356704712,3160
3.4230470657348633,3160
3.4246394634246826,3160
3.425431966781616,3160
3.4262335300445557,3160
3.4270434379577637,3160
3.4286351203918457,3160
3.4294421672821045,3160
3.4303531646728516,3160
3.4311513900756836,3160
3.4327468872070312,3160
3.43353533744812,3160
3.434338092803955,3160
3.4351401329040527,3160
3.4367246627807617,3160
3.4375317096710205,3160
3.4383389949798584,3160
3.439141035079956,3160
3.4407289028167725,3160
3.4415318965911865,3160
3.4423410892486572,3160
3.443147897720337,3160
3.4447433948516846,3160
3.4455454349517822,3160
3.4463443756103516,3160
3.4471518993377686,3160
3.448857307434082,3160
3.4496474266052246,3160
3.4504501819610596,3160
3.4513628482818604,3160
3.452162027359009,3160
3.4537601470947266,3160
3.4545516967773438,3160
3.4553518295288086,3160
3.456160068511963,3160
3.4577577114105225,3160
3.458547830581665,3160
3.4594573974609375,3160
3.4602582454681396,3160
3.4610536098480225,3160
3.462758779525757,3160
3.463552951812744,3160
3.464355707168579,3160
3.465161085128784,3160
3.4667694568634033,3160
3.4675636291503906,3160
3.46836519241333,3160
3.4691600799560547,3160
3.470754861831665,3160
3.4715476036071777,3160
3.4724597930908203,3160
3.4732611179351807,3160
3.474174737930298,3160
3.475762367248535,3160
3.476557970046997,3160
3.4773638248443604,3160
3.4781653881073,3160
3.479759931564331,3160
3.4805564880371094,3160
3.4813592433929443,3160
3.4821648597717285,3160
3.4837584495544434,3160
3.4846699237823486,3160
3.485466480255127,3160
3.486262798309326,3160
3.4870760440826416,3160
3.48866868019104,3160
3.4894635677337646,3160
3.490264892578125,3160
3.491182565689087,3160
3.492095470428467,3160
3.4930081367492676,3160
3.494600296020508,3160
3.4953994750976562,3160
3.4962053298950195,3160
3.4970147609710693,3160
3.498605251312256,3160
3.4995241165161133,3160
3.500324010848999,3160
3.5011203289031982,3160
3.5020337104797363,3160
3.503627300262451,3160
3.504422903060913,3160
3.505225419998169,3160
3.5060205459594727,3160
3.507626533508301,3160
3.508537530899048,3160
3.5093319416046143,3160
3.510247230529785,3160
3.5110514163970947,3160
3.512753486633301,3160
3.513549327850342,3160
3.514350414276123,3160
3.515150547027588,3160
3.516059398651123,3160
3.517655611038208,3160
3.518455982208252,3160
3.5193746089935303,3160
3.520171642303467,3160
3.521775007247925,3160
3.5225658416748047,3160
3.5233657360076904,3160
3.5241637229919434,3160
3.525752544403076,3160
3.526660919189453,3160
3.527467966079712,3160
3.5282671451568604,3160
3.5290720462799072,3160
3.5306663513183594,3160
3.531465768814087,3160
3.532377243041992,3160
3.53318452835083,3160
3.53409743309021,3160
3.535688877105713,3160
3.536487579345703,3160
3.537299871444702,3160
3.5380985736846924,3160
3.539010524749756,3160
3.540600538253784,3160
3.5414044857025146,3160
3.542207956314087,3160
3.543117046356201,3160
3.544701337814331,3160
3.54561448097229,3160
3.5464093685150146,3160
3.54721999168396,3160
3.548022508621216,3160
3.5496058464050293,3160
3.550403594970703,3160
3.5512077808380127,3160
3.552004337310791,3160
3.5535941123962402,3160
3.554394245147705,3160
3.5553061962127686,3160
3.556112051010132,3160
3.5578291416168213,3160
3.558624505996704,3160
3.5595390796661377,3160
3.5603408813476562,3160
3.561136245727539,3160
3.562847852706909,3160
3.563642740249634,3160
3.564438819885254,3160
3.565237522125244,3160
3.5660347938537598,3160
3.567643404006958,3160
3.5684430599212646,3160
3.5692429542541504,3160
3.570040702819824,3160
3.571622610092163,3160
3.5725350379943848,3160
3.5733370780944824,3160
3.574251413345337,3160
3.5750482082366943,3160
3.5766396522521973,3160
3.57745361328125,3160
3.5782546997070312,3160
3.5790536403656006,3160
3.580646514892578,3160
3.581559419631958,3160
3.5823581218719482,3160
3.5831685066223145,3160
3.5847623348236084,3160
3.58556866645813,3160
3.5863659381866455,3160
3.5871760845184326,3160
3.5888938903808594,3160
3.58968448638916,3160
3.5904898643493652,3160
3.591294527053833,3160
3.5920894145965576,3160
3.593681812286377,3160
3.594482660293579,3160
3.5952823162078857,3160
3.5960826873779297,3160
3.5977942943573,3160
3.598585367202759,3160
3.599391222000122,3160
3.600188732147217,3160
3.6017866134643555,3160
3.6025795936584473,3160
3.603381633758545,3160
3.604182481765747,3160
3.605092763900757,3160
3.6066839694976807,3160
3.607489585876465,3160
3.608292579650879,3160
3.6092050075531006,3160
3.61000394821167,3160
3.611589193344116,3160
3.61250376701355,3160
3.61329984664917,3160
3.6141045093536377,3160
3.615691661834717,3160
3.6166038513183594,3160
3.61741304397583,3160
3.618208885192871,3160
3.619008779525757,3160
3.620711088180542,3160
3.6215109825134277,3160
3.62231183052063,3160
3.623117685317993,3160
3.6246986389160156,3160
3.625500202178955,3160
3.62630033493042,3160
3.627108573913574,3160
3.6288132667541504,3160
3.629603385925293,3160
3.630401611328125,3160
3.6311962604522705,3160
3.632107734680176,3160
3.63301944732666,3160
3.634611129760742,3160
3.6354100704193115,3160
3.6362104415893555,3160
3.6370203495025635,3160
3.6385998725891113,3160
3.639400005340576,3160
3.640202283859253,3160
3.641798973083496,3160
3.6425979137420654,3160
3.643399715423584,3160
3.644197702407837,3160
3.645112991333008,3160
3.6467032432556152,3160
3.64751935005188,3160
3.648437261581421,3160
3.649350881576538,3160
3.650146484375,3160
3.6517510414123535,3160
3.6525449752807617,3160
3.6533443927764893,3160
3.6541507244110107,3160
3.6557319164276123,3160
3.656529426574707,3160
3.657454013824463,3160
3.6582577228546143,3160
3.6590564250946045,3160
3.660764694213867,3160
3.661559581756592,3160
3.662357807159424,3160
3.6632742881774902,3160
3.6640729904174805,3160
3.665660858154297,3160
3.6664628982543945,3160
3.667274236679077,3160
3.6680796146392822,3160
3.669666051864624,3160
3.6704673767089844,3160
3.6712682247161865,3160
3.672065258026123,3160
3.67364764213562,3160
3.674562931060791,3160
3.675363779067993,3160
3.6761648654937744,3160
3.6777732372283936,3160
3.678567886352539,3160
3.6793689727783203,3160
3.6801679134368896,3160
3.681758165359497,3160
3.6825497150421143,3160
3.683344602584839,3160
3.684147357940674,3160
3.685861825942993,3160
3.686652421951294,3160
3.687462568283081,3160
3.6882615089416504,3160
3.6890697479248047,3160
3.690660238265991,3160
3.691455364227295,3160
3.6922590732574463,3160
3.6930627822875977,3160
3.6947731971740723,3160
3.6955718994140625,3160
3.696377992630005,3160
3.6972007751464844,3160
3.698007106781006,3160
3.699599266052246,3160
3.700404644012451,3160
3.7012062072753906,3160
3.702122449874878,3160
3.7030327320098877,3160
3.7046213150024414,3160
3.705430507659912,3160
3.706342935562134,3160
3.7071533203125,3160
3.7087578773498535,3160
3.709555149078369,3160
3.710359811782837,3160
3.7111635208129883,3160
3.712759256362915,3160
3.7135586738586426,3160
3.714351177215576,3160
3.7151553630828857,3160
3.716761350631714,3160
3.7175581455230713,3160
3.7184700965881348,3160
3.719266891479492,3160
3.7201833724975586,3160
3.7217774391174316,3160
3.7225706577301025,3160
3.7233715057373047,3160
3.724175214767456,3160
3.725768804550171,3160
3.726562261581421,3160
3.727368116378784,3160
3.728170394897461,3160
3.7298808097839355,3160
3.7306771278381348,3160
3.7314813137054443,3160
3.7322874069213867,3160
3.7330849170684814,3160
3.734668731689453,3160
3.7354705333709717,3160
3.736268997192383,3160
3.7370736598968506,3160
3.73879337310791,3160
3.739600658416748,3160
3.7403979301452637,3160
3.7411997318267822,3160
3.7427992820739746,3160
3.74358868598938,3160
3.744387626647949,3160
3.7451932430267334,3160
3.7467994689941406,3160
3.7476015090942383,3160
3.748403310775757,3160
3.749206066131592,3160
3.7500038146972656,3160
3.7517001628875732,3160
3.7525010108947754,3160
3.753415107727051,3160
3.754221200942993,3160
3.7550251483917236,3160
3.7566184997558594,3160
3.75742769241333,3160
3.7582311630249023,3160
3.7591521739959717,3160
3.7607421875,3160
3.761533737182617,3160
3.762334108352661,3160
3.7632477283477783,3160
3.7640483379364014,3160
3.7656354904174805,3160
3.7665481567382812,3160
3.767362117767334,3160
3.768165349960327,3160
3.769761085510254,3160
3.7705533504486084,3160
3.7713561058044434,3160
3.772153854370117,3160
3.7737538814544678,3160
3.7745532989501953,3160
3.7753524780273438,3160
3.776158571243286,3160
3.7777791023254395,3160
3.7785732746124268,3160
3.7793755531311035,3160
3.7801733016967773,3160
3.7817745208740234,3160
3.7825679779052734,3160
3.783367395401001,3160
3.784176826477051,3160
3.7857682704925537,3160
3.7865686416625977,3160
3.7873804569244385,3160
3.788184642791748,3160
3.7897791862487793,3160
3.7905726432800293,3160
3.791372776031494,3160
3.792288303375244,3160
3.7930946350097656,3160
3.7946791648864746,3160
3.795480966567993,3160
3.796287775039673,3160
3.7970986366271973,3160
3.7980101108551025,3160
3.799607038497925,3160
3.8004038333892822,3160
3.8012030124664307,3160
3.802791118621826,3160
3.8035829067230225,3160
3.804382562637329,3160
3.8051772117614746,3160
3.8068881034851074,3160
3.8076837062835693,3160
3.808481216430664,3160
3.8092782497406006,3160
3.8100740909576416,3160
3.8117868900299072,3160
3.8125855922698975,3160
3.813382387161255,3160
3.8141887187957764,3160
3.815779209136963,3160
3.8165736198425293,3160
3.817378044128418,3160
3.818183422088623,3160
3.819098472595215,3160
3.8206825256347656,3160
3.8214869499206543,3160
3.822403907775879,3160
3.8232059478759766,3160
3.8247978687286377,3160
3.8255887031555176,3160
3.826385974884033,3160
3.8271961212158203,3160
3.828108310699463,3160
3.8290185928344727,3160
3.8306148052215576,3160
3.831413507461548,3160
3.8322131633758545,3160
3.8330130577087402,3160
3.8346025943756104,3160
3.8354039192199707,3160
3.8363161087036133,3160
3.8371286392211914,3160
3.8388421535491943,3160
3.839632511138916,3160
3.8404343128204346,3160
3.8412349224090576,3160
3.8420372009277344,3160
3.8437440395355225,3160
3.844536066055298,3160
3.8454530239105225,3160
3.846259117126465,3160
3.8471829891204834,3160
3.8488898277282715,3160
3.849688768386841,3160
3.850497245788574,3160
3.8512990474700928,3160
3.8521065711975098,3160
3.8536994457244873,3160
3.854494094848633,3160
3.85528826713562,3160
3.8560853004455566,3160
3.8576884269714355,3160
3.8584883213043213,3160
3.8592939376831055,3160
3.860088348388672,3160
3.8616790771484375,3160
3.8624799251556396,3160
3.863276720046997,3160
3.864074468612671,3160
3.86578369140625,3160
3.8665835857391357,3160
3.8673954010009766,3160
3.8681933879852295,3160
3.869105815887451,3160
3.8706891536712646,3160
3.871487617492676,3160
3.8722922801971436,3160
3.8730967044830322,3160
3.874690055847168,3160
3.87548828125,3160
3.8762876987457275,3160
3.877096176147461,3160
3.8788042068481445,3160
3.8796021938323975,3160
3.8805153369903564,3160
3.8813157081604004,3160
3.882115602493286,3160
3.8830270767211914,3160
3.884737968444824,3160
3.885528802871704,3160
3.8864405155181885,3160
3.887253522872925,3160
3.8880538940429688,3160
3.8896396160125732,3160
3.890551805496216,3160
3.891465663909912,3160
3.8922617435455322,3160
3.8930599689483643,3160
3.894648790359497,3160
3.895447254180908,3160
3.896249771118164,3160
3.897066116333008,3160
3.898658275604248,3160
3.8994593620300293,3160
3.9002575874328613,3160
3.9010558128356934,3160
3.9026503562927246,3160
3.903449773788452,3160
3.9042506217956543,3160
3.9050498008728027,3160
3.90663743019104,3160
3.9074461460113525,3160
3.908245325088501,3160
3.9090447425842285,3160
3.910753011703491,3160
3.911658525466919,3160
3.9124577045440674,3160
3.913255453109741,3160
3.914055109024048,3160
3.915647506713867,3160
3.916558027267456,3160
3.9173662662506104,3160
3.9181671142578125,3160
3.9190797805786133,3160
3.9206721782684326,3160
3.9215831756591797,3160
3.922390937805176,3160
3.923304557800293,3160
3.9241111278533936,3160
3.925704002380371,3160
3.926499366760254,3160
3.927311420440674,3160
3.9281187057495117,3160
3.9297077655792236,3160
3.9305131435394287,3160
3.931312322616577,3160
3.9322266578674316,3160
3.9330332279205322,3160
3.934621572494507,3160
3.935418128967285,3160
3.9362199306488037,3160
3.937145709991455,3160
3.9387314319610596,3160
3.9395265579223633,3160
3.9403271675109863,3160
3.941133499145508,3160
3.942049026489258,3160
3.9436404705047607,3160
3.9444470405578613,3160
3.945244550704956,3160
3.946049928665161,3160
3.9476468563079834,3160
3.9484481811523438,3160
3.9492437839508057,3160
3.950047016143799,3160
3.9516327381134033,3160
3.9525439739227295,3160
3.9534599781036377,3160
3.954261541366577,3160
3.9550678730010986,3160
3.9566586017608643,3160
3.957468032836914,3160
3.958265542984009,3160
3.9590656757354736,3160
3.9607796669006348,3160
3.96157169342041,3160
3.962369203567505,3160
3.9631659984588623,3160
3.9647698402404785,3160
3.9656755924224854,3160
3.966477632522583,3160
3.967404365539551,3160
3.968210458755493,3160
3.969003915786743,3160
3.9705896377563477,3160
3.9713900089263916,3160
3.972189426422119,3160
3.9737799167633057,3160
3.974571704864502,3160
3.9753661155700684,3160
3.9761717319488525,3160
3.9778881072998047,3160
3.9786810874938965,3160
3.979595422744751,3160
3.9803926944732666,3160
3.9811925888061523,3160
3.982901096343994,3160
3.9836974143981934,3160
3.98449444770813,3160
3.985405445098877,3160
3.9862070083618164,3160
3.9870166778564453,3160
3.988612174987793,3160
3.989414930343628,3160
3.99021053314209,3160
3.9910149574279785,3160
3.992595672607422,3160
3.993399143218994,3160
3.9943153858184814,3160
3.995115041732788,3160
3.9967002868652344,3160
3.9976248741149902,3160
3.9984281063079834,3160
3.9992260932922363,3160
4.000024318695068,3160
4.000031471252441,3160
