Time,Diversity
0.0004863739013671875,20
0.0011763572692871094,18
0.002038240432739258,19
0.0032987594604492188,20
0.004106998443603516,17
0.005078554153442383,7
0.0062558650970458984,6
0.007018566131591797,0
0.008158445358276367,0
0.009304046630859375,0
0.010053157806396484,0
0.011183977127075195,0
0.012316703796386719,0
0.01310873031616211,0
0.014224767684936523,0
0.015370607376098633,0
0.016138792037963867,0
0.017227649688720703,0
0.018323183059692383,0
0.019047975540161133,0
0.020136117935180664,0
0.021221160888671875,0
0.02228403091430664,0
0.023002147674560547,0
0.024052143096923828,0
0.025090932846069336,0
0.026148080825805664,0
0.02719283103942871,0
0.028233051300048828,0
0.029270172119140625,0
0.030307292938232422,0
0.03101491928100586,0
0.03205299377441406,0
0.03309893608093262,0
0.0341496467590332,0
0.035192251205444336,0
0.03622937202453613,0
0.03726673126220703,0
0.03833365440368652,0
0.039032936096191406,0
0.040082693099975586,0
0.04112696647644043,0
0.04217100143432617,0
0.04321575164794922,0
0.04425692558288574,0
0.045304298400878906,0
0.04600691795349121,0
0.0470433235168457,0
0.048114776611328125,0
0.04915904998779297,0
0.05019831657409668,0
0.051242828369140625,0
0.052153825759887695,3
0.05329155921936035,7
0.05402827262878418,5
0.05507183074951172,0
0.05612444877624512,0
0.05716681480407715,0
0.058205366134643555,0
0.0592653751373291,0
0.06030869483947754,0
0.06101393699645996,0
0.06206345558166504,0
0.0631406307220459,0
0.06418466567993164,0
0.06523418426513672,0
0.06628823280334473,0
0.06701922416687012,0
0.06808042526245117,0
0.069122314453125,0
0.07018423080444336,0
0.07122683525085449,0
0.07227420806884766,0
0.07332134246826172,0
0.07402515411376953,0
0.07506585121154785,0
0.07610583305358887,0
0.0771484375,0
0.07820773124694824,0
0.07925033569335938,0
0.08031082153320312,0
0.08101081848144531,0
0.08206391334533691,0
0.08310246467590332,0
0.08415412902832031,0
0.0852055549621582,0
0.08623957633972168,0
0.08729171752929688,0
0.08832645416259766,0
0.08902835845947266,0
0.09006333351135254,0
0.09110713005065918,0
0.09216761589050293,0
0.09320735931396484,0
0.09424781799316406,0
0.09530782699584961,0
0.09600687026977539,0
0.09703898429870605,0
0.09807848930358887,0
0.0991053581237793,0
0.10014653205871582,0
0.10118460655212402,0
0.10223698616027832,0
0.10330605506896973,0
0.1040334701538086,0
0.10507822036743164,0
0.10611510276794434,0
0.10715937614440918,0
0.10820627212524414,0
0.10924243927001953,0
0.11029791831970215,0
0.11100339889526367,0
0.11205554008483887,0
0.11309003829956055,0
0.11412787437438965,0
0.11520504951477051,0
0.11624932289123535,0
0.11730504035949707,0
0.11802005767822266,0
0.1190636157989502,0
0.12010574340820312,0
0.12114071846008301,0
0.12220263481140137,0
0.12324309349060059,0
0.12429642677307129,0
0.12533974647521973,0
0.1260390281677246,0
0.1270737648010254,0
0.12813353538513184,0
0.12918472290039062,0
0.13024210929870605,0
0.13128662109375,0
0.13247966766357422,0
0.13332080841064453,0
0.13409018516540527,0
0.1351613998413086,0
0.13620948791503906,0
0.13724875450134277,0
0.138289213180542,0
0.13935089111328125,0
0.14005422592163086,0
0.1410832405090332,0
0.14211797714233398,0
0.14316487312316895,0
0.14421653747558594,0
0.14525246620178223,0
0.1462843418121338,0
0.14733195304870605,0
0.14802980422973633,0
0.14911866188049316,0
0.15093421936035156,2
0.15153145790100098,0
0.1520998477935791,0
0.15318655967712402,0
0.15426969528198242,0
0.15535926818847656,0
0.15645098686218262,0
0.1575472354888916,0
0.1580965518951416,0
0.15917682647705078,0
0.1602468490600586,0
0.16131043434143066,0
0.16260027885437012,0
0.16323518753051758,0
0.1643085479736328,0
0.16501379013061523,0
0.16608524322509766,0
0.16712689399719238,0
0.1681671142578125,0
0.16920852661132812,0
0.1702556610107422,0
0.17130684852600098,0
0.17201018333435059,0
0.17305874824523926,0
0.17409801483154297,0
0.17515087127685547,0
0.176192045211792,0
0.17727088928222656,0
0.1780717372894287,0
0.179152250289917,0
0.18021035194396973,0
0.18125534057617188,0
0.18231582641601562,0
0.18303585052490234,0
0.18410944938659668,0
0.1851520538330078,0
0.18620824813842773,0
0.18726539611816406,0
0.1883392333984375,0
0.18914246559143066,0
0.19019651412963867,0
0.19125795364379883,0
0.19232487678527832,0
0.19305849075317383,0
0.19409871101379395,0
0.19516587257385254,0
0.19620537757873535,0
0.19724249839782715,0
0.19816875457763672,2
0.19928812980651855,7
0.20003032684326172,5
0.20108819007873535,0
0.20216870307922363,0
0.2032184600830078,0
0.20426130294799805,0
0.20531916618347168,0
0.20601391792297363,0
0.2070627212524414,0
0.20810627937316895,0
0.20916461944580078,0
0.21020078659057617,0
0.21124029159545898,0
0.2122802734375,0
0.21331191062927246,0
0.21400666236877441,0
0.21505522727966309,0
0.21610164642333984,0
0.2171306610107422,0
0.21818041801452637,0
0.21924686431884766,0
0.22028255462646484,0
0.22132134437561035,0
0.2220320701599121,0
0.2230696678161621,0
0.22413253784179688,0
0.22516608238220215,0
0.22620248794555664,0
0.22725963592529297,0
0.22829294204711914,0
0.22933030128479004,0
0.23003315925598145,0
0.23108196258544922,0
0.23213577270507812,0
0.23318195343017578,0
0.23423147201538086,0
0.23528456687927246,0
0.23635435104370117,0
0.2370607852935791,0
0.2380964756011963,0
0.23915696144104004,0
0.24023222923278809,0
0.24128246307373047,0
0.24233269691467285,0
0.24303007125854492,0
0.2440950870513916,0
0.24512934684753418,0
0.24616456031799316,0
0.24721002578735352,0
0.24824213981628418,0
0.24927687644958496,0
0.25033044815063477,0
0.25103282928466797,0
0.2520711421966553,0
0.25310850143432617,0
0.2541513442993164,0
0.2551901340484619,0
0.2562265396118164,0
0.25727152824401855,0
0.2583191394805908,0
0.259014368057251,0
0.2600584030151367,0
0.26110243797302246,0
0.26215529441833496,0
0.2631955146789551,0
0.264249324798584,0
0.2652933597564697,0
0.266007661819458,0
0.26703619956970215,0
0.26838064193725586,2
0.2691061496734619,0
0.2701606750488281,0
0.27120208740234375,0
0.27233290672302246,0
0.2731943130493164,0
0.2742621898651123,0
0.2753159999847412,0
0.27603602409362793,0
0.2771179676055908,0
0.2781548500061035,0
0.27921462059020996,0
0.280350923538208,0
0.28104209899902344,0
0.28204965591430664,0
0.28305745124816895,0
0.2841653823852539,0
0.28517842292785645,0
0.28618645668029785,0
0.28722476959228516,0
0.2880716323852539,0
0.2890806198120117,0
0.2900569438934326,1
0.29125261306762695,2
0.29233813285827637,3
0.2930793762207031,3
0.2942967414855957,7
0.29506492614746094,4
0.2962148189544678,4
0.297346830368042,3
0.29811525344848633,2
0.29924821853637695,3
0.3003098964691162,0
0.3010272979736328,0
0.3020784854888916,0
0.3031439781188965,0
0.3041830062866211,0
0.3051719665527344,2
0.3062281608581543,0
0.30701231956481934,0
0.30809473991394043,0
0.3091435432434082,0
0.31018567085266113,0
0.31125879287719727,0
0.3123297691345215,0
0.3130366802215576,0
0.314089298248291,0
0.31514620780944824,0
0.3162190914154053,0
0.31722116470336914,0
0.3180406093597412,0
0.31909775733947754,0
0.3203299045562744,0
0.3211064338684082,0
0.32219386100769043,0
0.3232591152191162,0
0.3242819309234619,0
0.3251609802246094,0
0.32618117332458496,0
0.32724452018737793,0
0.3283052444458008,0
0.32900476455688477,0
0.33001279830932617,0
0.3310270309448242,0
0.33211755752563477,0
0.3331565856933594,0
0.3342258930206299,0
0.33527326583862305,0
0.3363313674926758,0
0.33704710006713867,0
0.338092565536499,0
0.3391404151916504,0
0.34018397331237793,0
0.3412306308746338,0
0.3423640727996826,0
0.34307217597961426,0
0.3441429138183594,0
0.34513378143310547,0
0.34621381759643555,0
0.34729909896850586,0
0.34830594062805176,0
0.34931468963623047,0
0.35004377365112305,0
0.35144782066345215,0
0.3520333766937256,0
0.35312390327453613,0
0.3541748523712158,0
0.3552241325378418,0
0.3562941551208496,0
0.35700368881225586,0
0.3580477237701416,0
0.35909080505371094,0
0.3602442741394043,0
0.36103129386901855,0
0.36234045028686523,0
0.36304378509521484,0
0.3643665313720703,0
0.36502933502197266,0
0.36602210998535156,0
0.3670768737792969,0
0.36813998222351074,0
0.3692281246185303,0
0.3702871799468994,0
0.37134337425231934,0
0.3720223903656006,0
0.3731205463409424,0
0.37432312965393066,0
0.3750312328338623,0
0.3760700225830078,0
0.37714385986328125,0
0.3781890869140625,0
0.3792541027069092,0
0.3802945613861084,0
0.3810269832611084,0
0.38206982612609863,0
0.38313913345336914,0
0.3843224048614502,0
0.38570523262023926,0
0.3863692283630371,0
0.38716697692871094,0
0.38820457458496094,0
0.3891308307647705,0
0.3900299072265625,0
0.3912041187286377,0
0.39261841773986816,0
0.3933107852935791,0
0.3943324089050293,0
0.39521169662475586,0
0.39612340927124023,0
0.3973653316497803,1
0.3982555866241455,0
0.39937400817871094,0
0.40001869201660156,0
0.401308536529541,0
0.40262341499328613,0
0.40331315994262695,0
0.40466833114624023,0
0.4052391052246094,0
0.40641117095947266,0
0.407564640045166,0
0.4082460403442383,0
0.40947866439819336,0
0.4102632999420166,0
0.41136837005615234,0
0.41234278678894043,0
0.4130542278289795,0
0.41411590576171875,0
0.41508007049560547,0
0.4165630340576172,0
0.41728806495666504,0
0.41872477531433105,0
0.41947197914123535,0
0.42023634910583496,0
0.42104673385620117,0
0.4221055507659912,0
0.42306065559387207,0
0.4243478775024414,0
0.42526674270629883,0
0.4264035224914551,0
0.42760777473449707,0
0.4283761978149414,0
0.4291102886199951,0
0.4305243492126465,0
0.4313180446624756,0
0.4320805072784424,0
0.43354201316833496,0
0.4342787265777588,0
0.4350419044494629,0
0.436492919921875,0
0.4372556209564209,0
0.4386897087097168,0
0.43941593170166016,0
0.44013261795043945,0
0.44156646728515625,0
0.4422750473022461,0
0.44301676750183105,0
0.4441807270050049,0
0.4452476501464844,0
0.4463036060333252,0
0.4470067024230957,0
0.44808363914489746,0
0.44913172721862793,0
0.4502084255218506,0
0.45126914978027344,0
0.4523167610168457,0
0.45302438735961914,0
0.4540588855743408,0
0.455096960067749,0
0.45615434646606445,0
0.45719432830810547,0
0.45823216438293457,0
0.45929765701293945,0
0.4602956771850586,0
0.46100330352783203,0
0.46207332611083984,0
0.4631385803222656,0
0.46419286727905273,0
0.4652292728424072,0
0.4662938117980957,0
0.46700310707092285,0
0.468062162399292,0
0.4690968990325928,0
0.47013163566589355,0
0.4711799621582031,0
0.4722282886505127,0
0.4732694625854492,0
0.47417473793029785,1
0.4752511978149414,0
0.4763026237487793,0
0.4773545265197754,0
0.4780607223510742,0
0.47913527488708496,0
0.48018765449523926,0
0.48122453689575195,0
0.48227548599243164,0
0.4833335876464844,0
0.48402953147888184,0
0.48523545265197754,0
0.4862706661224365,0
0.48733067512512207,0
0.48804783821105957,0
0.48911547660827637,0
0.49015355110168457,0
0.491199254989624,0
0.4922447204589844,0
0.49328088760375977,0
0.49431538581848145,0
0.4950108528137207,0
0.49605727195739746,0
0.49709343910217285,0
0.4981229305267334,0
0.49916863441467285,0
0.5002000331878662,0
0.5012314319610596,0
0.5022721290588379,0
0.5030028820037842,0
0.5040431022644043,0
0.5050742626190186,0
0.5061161518096924,0
0.5071547031402588,0
0.5081906318664551,0
0.5092294216156006,0
0.5102832317352295,0
0.5113265514373779,0
0.5120265483856201,0
0.5130825042724609,0
0.5141162872314453,0
0.5151586532592773,0
0.5163593292236328,2
0.517061710357666,0
0.5181024074554443,0
0.5191590785980225,0
0.5201981067657471,0
0.521233320236206,0
0.5222690105438232,0
0.5233328342437744,0
0.5240373611450195,0
0.5250725746154785,0
0.5261118412017822,0
0.5271689891815186,0
0.5282063484191895,0
0.5292611122131348,0
0.5303027629852295,0
0.5310177803039551,0
0.5320854187011719,0
0.5331330299377441,0
0.5341765880584717,0
0.5352215766906738,0
0.5362534523010254,0
0.5372979640960693,0
0.538334846496582,0
0.5390322208404541,0
0.5400724411010742,0
0.5410571098327637,1
0.5421748161315918,5
0.5432901382446289,4
0.5440356731414795,4
0.545060396194458,2
0.5461452007293701,0
0.54720139503479,0
0.5482456684112549,0
0.5492899417877197,0
0.5500121116638184,0
0.5510501861572266,0
0.5521135330200195,0
0.5531566143035889,0
0.5542118549346924,0
0.5552835464477539,0
0.5560116767883301,0
0.5570666790008545,0
0.5581231117248535,0
0.5591998100280762,0
0.5602562427520752,0
0.561312198638916,0
0.5620203018188477,0
0.5630896091461182,0
0.564145565032959,0
0.5651876926422119,0
0.5662295818328857,0
0.567298173904419,0
0.5683314800262451,0
0.5690340995788574,0
0.5702481269836426,0
0.5713071823120117,0
0.572420597076416,0
0.57314133644104,0
0.5742039680480957,0
0.5752532482147217,0
0.5763061046600342,0
0.577019214630127,0
0.5780677795410156,0
0.5791041851043701,0
0.5801455974578857,0
0.5811893939971924,0
0.5822277069091797,0
0.5832703113555908,0
0.5843207836151123,0
0.5850534439086914,0
0.586087703704834,0
0.5871284008026123,0
0.5881705284118652,0
0.5892033576965332,0
0.5902621746063232,0
0.5913231372833252,0
0.5920226573944092,0
0.5930557250976562,0
0.5940816402435303,0
0.5951418876647949,0
0.5961830615997314,0
0.5972287654876709,0
0.5985946655273438,2
0.5990040302276611,0
0.600088357925415,0
0.6011419296264648,0
0.6021938323974609,0
0.6032485961914062,0
0.6043157577514648,0
0.6050169467926025,0
0.6060595512390137,0
0.6070952415466309,0
0.6081366539001465,0
0.6091806888580322,0
0.6102192401885986,0
0.6112611293792725,0
0.612318754196167,0
0.6130216121673584,0
0.6140551567077637,0
0.6150901317596436,0
0.6161518096923828,0
0.6171867847442627,0
0.6182193756103516,0
0.619279146194458,0
0.6203262805938721,0
0.621042013168335,0
0.6220781803131104,0
0.6232864856719971,2
0.6240096092224121,0
0.6250498294830322,0
0.6260840892791748,0
0.627131462097168,0
0.6281652450561523,0
0.6292171478271484,0
0.6302738189697266,0
0.6313369274139404,0
0.632030725479126,0
0.6330621242523193,0
0.6341114044189453,0
0.6351680755615234,0
0.6362020969390869,0
0.6372406482696533,0
0.6382746696472168,0
0.6393117904663086,0
0.6400234699249268,0
0.6410667896270752,0
0.6421034336090088,0
0.6431567668914795,0
0.644200325012207,0
0.6452341079711914,0
0.6462686061859131,0
0.6473097801208496,0
0.6480143070220947,0
0.6490452289581299,0
0.6500771045684814,0
0.651118278503418,0
0.6521518230438232,0
0.6531803607940674,0
0.6542313098907471,0
0.6552777290344238,0
0.6560072898864746,0
0.6570401191711426,0
0.6580812931060791,0
0.6591112613677979,0
0.6601476669311523,0
0.6611945629119873,0
0.6622433662414551,0
0.6632840633392334,0
0.6643195152282715,0
0.6650247573852539,0
0.6660585403442383,0
0.6673181056976318,0
0.6681454181671143,0
0.6691992282867432,0
0.6702988147735596,0
0.6710491180419922,0
0.672123908996582,0
0.6733691692352295,0
0.6741006374359131,0
0.6751413345336914,0
0.67616868019104,0
0.6772639751434326,0
0.6780068874359131,0
0.6790432929992676,0
0.6801102161407471,0
0.6811697483062744,0
0.682208776473999,0
0.6832845211029053,0
0.6840031147003174,0
0.6850564479827881,0
0.6860976219177246,0
0.6871523857116699,0
0.688213586807251,0
0.6892561912536621,0
0.6903045177459717,0
0.6910262107849121,0
0.6921119689941406,0
0.6931600570678711,0
0.6942222118377686,0
0.6953091621398926,0
0.696012020111084,0
0.6970832347869873,0
0.6981441974639893,0
0.699223518371582,0
0.7000148296356201,0
0.7010884284973145,0
0.7021417617797852,0
0.7032039165496826,0
0.7042970657348633,0
0.7052669525146484,0
0.7063155174255371,0
0.7070126533508301,0
0.7080788612365723,0
0.7091224193572998,0
0.7101635932922363,0
0.7112183570861816,0
0.712230920791626,0
0.7132337093353271,0
0.714336633682251,0
0.7150366306304932,0
0.7160861492156982,0
0.7172298431396484,0
0.7183058261871338,0
0.7190113067626953,0
0.7200417518615723,0
0.721099853515625,0
0.7221596240997314,0
0.7232205867767334,0
0.7242648601531982,0
0.7253162860870361,0
0.726036787033081,0
0.7271597385406494,0
0.7282097339630127,0
0.7292764186859131,0
0.7303316593170166,0
0.7310295104980469,0
0.7320718765258789,0
0.7330830097198486,0
0.7341668605804443,0
0.7352170944213867,0
0.7362184524536133,0
0.7372925281524658,0
0.7383134365081787,0
0.739354133605957,0
0.7400343418121338,0
0.7411203384399414,0
0.7421724796295166,0
0.7432384490966797,0
0.7442939281463623,0
0.7453281879425049,0
0.7460207939147949,0
0.7470588684082031,0
0.7481722831726074,0
0.749229907989502,0
0.7502796649932861,0
0.7510087490081787,0
0.7520570755004883,0
0.7531092166900635,0
0.7541561126708984,0
0.7552063465118408,0
0.7562439441680908,0
0.7572801113128662,0
0.7583153247833252,0
0.759033203125,0
0.7601056098937988,0
0.7611491680145264,0
0.7622048854827881,0
0.7632603645324707,0
0.7642946243286133,0
0.765350341796875,0
0.766047477722168,0
0.7670760154724121,0
0.7682907581329346,2
0.7693402767181396,0
0.7701201438903809,0
0.7711930274963379,0
0.7722399234771729,0
0.7732770442962646,0
0.774320125579834,0
0.7750387191772461,0
0.7760899066925049,0
0.7771260738372803,0
0.7781600952148438,0
0.7792646884918213,0
0.7802975177764893,0
0.7813289165496826,0
0.7820260524749756,0
0.7830641269683838,0
0.7841014862060547,0
0.7851533889770508,0
0.7861971855163574,0
0.7872617244720459,0
0.7883243560791016,0
0.7890245914459229,0
0.7900693416595459,0
0.7911012172698975,0
0.7921435832977295,0
0.793184757232666,0
0.794215202331543,0
0.7952542304992676,0
0.7962956428527832,0
0.7973301410675049,0
0.7980263233184814,0
0.7990603446960449,0
0.8001112937927246,0
0.8011584281921387,0
0.8022060394287109,0
0.8032553195953369,0
0.8042924404144287,0
0.8053269386291504,0
0.8060235977172852,0
0.8070662021636963,0
0.8081517219543457,0
0.8091862201690674,0
0.8102459907531738,0
0.8113093376159668,0
0.8120064735412598,0
0.8130416870117188,0
0.8140826225280762,0
0.8151218891143799,0
0.8161768913269043,0
0.8174457550048828,0
0.8181736469268799,0
0.8192195892333984,0
0.8202614784240723,0
0.8213081359863281,0
0.8220090866088867,0
0.8230504989624023,0
0.8241300582885742,0
0.8251783847808838,0
0.8262243270874023,0
0.8272793292999268,0
0.8283474445343018,0
0.8290467262268066,0
0.8300774097442627,0
0.8311357498168945,0
0.8321850299835205,0
0.8332438468933105,0
0.8342831134796143,0
0.8353314399719238,0
0.8360269069671631,0
0.8370668888092041,0
0.8381028175354004,0
0.8390111923217773,0
0.8400890827178955,0
0.8411262035369873,0
0.8422064781188965,0
0.8432552814483643,0
0.8443028926849365,0
0.8450179100036621,0
0.8463485240936279,0
0.8470699787139893,0
0.8481128215789795,0
0.8491475582122803,0
0.8501911163330078,0
0.8512322902679443,0
0.8522694110870361,0
0.8533082008361816,0
0.8540055751800537,0
0.8550558090209961,0
0.8561074733734131,0
0.857144832611084,0
0.8581726551055908,0
0.8592243194580078,0
0.8602607250213623,0
0.8612909317016602,0
0.8623278141021729,0
0.8630232810974121,0
0.8640689849853516,0
0.8650972843170166,0
0.866147518157959,0
0.8672013282775879,0
0.8682329654693604,0
0.8692634105682373,0
0.8703064918518066,0
0.8710033893585205,0
0.8720719814300537,0
0.8731069564819336,0
0.8741455078125,0
0.8751859664916992,0
0.8762211799621582,0
0.8772635459899902,0
0.878300666809082,0
0.8793361186981201,0
0.8800504207611084,0
0.8810915946960449,0
0.8821218013763428,0
0.8831620216369629,0
0.8842041492462158,0
0.8852360248565674,0
0.8862922191619873,0
0.8870151042938232,0
0.8880894184112549,0
0.8891382217407227,0
0.8901858329772949,0
0.8913812637329102,2
0.8920853137969971,0
0.8931171894073486,0
0.8941504955291748,0
0.8951961994171143,0
0.896263599395752,0
0.897296667098999,0
0.8983354568481445,0
0.8990325927734375,0
0.9001038074493408,0
0.9011399745941162,0
0.9021844863891602,0
0.9032621383666992,0
0.9042956829071045,0
0.9053370952606201,0
0.9060337543487549,0
0.9070703983306885,0
0.9081375598907471,0
0.9091842174530029,0
0.9102170467376709,0
0.911402702331543,0
0.9122581481933594,0
0.9134023189544678,0
0.9141137599945068,0
0.9151670932769775,0
0.9162383079528809,0
0.9172749519348145,0
0.9183127880096436,0
0.9190292358398438,0
0.9200947284698486,0
0.9211318492889404,0
0.9221735000610352,0
0.9235513210296631,0
0.9242653846740723,0
0.9253194332122803,0
0.9260246753692627,0
0.9272449016571045,1
0.9283006191253662,0
0.9293382167816162,0
0.930056095123291,0
0.9310433864593506,0
0.9321157932281494,0
0.9331858158111572,0
0.9342617988586426,0
0.9353158473968506,0
0.9360189437866211,0
0.9370546340942383,0
0.9381008148193359,0
0.9391388893127441,0
0.9401760101318359,0
0.9412100315093994,0
0.9422574043273926,0
0.9433004856109619,0
0.9440028667449951,0
0.9450492858886719,0
0.946091890335083,0
0.9471371173858643,0
0.9481794834136963,0
0.9492335319519043,0
0.9502758979797363,0
0.9513213634490967,0
0.9522154331207275,0
0.9532687664031982,0
0.9543464183807373,0
0.9550514221191406,0
0.9560470581054688,1
0.9570930004119873,0
0.9581329822540283,0
0.9591782093048096,0
0.9602196216583252,0
0.961254358291626,0
0.9623053073883057,0
0.9630110263824463,0
0.9640665054321289,0
0.9651021957397461,0
0.9661352634429932,0
0.967149019241333,0
0.9681923389434814,0
0.9692251682281494,0
0.9702842235565186,0
0.9713339805603027,0
0.9720370769500732,0
0.9730706214904785,0
0.9741108417510986,0
0.9751737117767334,0
0.9762077331542969,0
0.9772486686706543,0
0.9783003330230713,0
0.979015588760376,0
0.9800560474395752,0
0.9810993671417236,0
0.9821362495422363,0
0.983177900314331,0
0.9842534065246582,0
0.9852890968322754,0
0.9860844612121582,0
0.9872148036956787,0
0.9882853031158447,0
0.9893243312835693,0
0.9900448322296143,0
0.9911093711853027,0
0.9921867847442627,0
0.9932336807250977,0
0.9942829608917236,0
0.9953324794769287,0
0.9960291385650635,0
0.9970624446868896,0
0.998100757598877,0
0.9991576671600342,0
1.0001940727233887,0
1.0012283325195312,0
1.0022633075714111,0
1.0033037662506104,0
1.0040223598480225,0
1.005051612854004,0
1.006303310394287,0
1.0070030689239502,0
1.0080680847167969,0
1.0093555450439453,2
1.0100855827331543,0
1.0111265182495117,0
1.0121607780456543,0
1.0131959915161133,0
1.0142457485198975,0
1.0152900218963623,0
1.0160057544708252,0
1.0170722007751465,0
1.0181396007537842,0
1.0192370414733887,0
1.020284652709961,0
1.0213258266448975,0
1.0220210552215576,0
1.023054599761963,0
1.0241079330444336,0
1.025146722793579,0
1.0261797904968262,0
1.0270476341247559,2
1.028097152709961,0
1.0291333198547363,0
1.0301673412322998,0
1.031245231628418,0
1.0321698188781738,0
1.0332286357879639,0
1.0342750549316406,0
1.0353293418884277,0
1.0360310077667236,0
1.037191390991211,0
1.0382375717163086,0
1.0392868518829346,0
1.0403251647949219,0
1.0410230159759521,0
1.0420639514923096,0
1.0430934429168701,0
1.0441312789916992,0
1.0451676845550537,0
1.0462212562561035,0
1.0472955703735352,0
1.048340082168579,0
1.0490400791168213,0
1.0500895977020264,0
1.0511293411254883,0
1.052173137664795,0
1.0532093048095703,0
1.054262399673462,0
1.0553107261657715,0
1.0560107231140137,0
1.0570483207702637,0
1.0580835342407227,0
1.0591299533843994,0
1.0601918697357178,0
1.061225175857544,0
1.0622773170471191,0
1.0633223056793213,0
1.064037799835205,0
1.0651054382324219,0
1.066154956817627,0
1.06719970703125,0
1.0682356357574463,0
1.069303274154663,0
1.0703375339508057,0
1.0710499286651611,0
1.072117567062378,0
1.0733420848846436,0
1.074521780014038,0
1.0750925540924072,0
1.0762298107147217,0
1.0773224830627441,0
1.0788297653198242,0
1.0794072151184082,0
1.0804905891418457,0
1.081043004989624,0
1.082115650177002,0
1.0831990242004395,0
1.0842821598052979,0
1.085526466369629,0
1.0862092971801758,0
1.0875487327575684,0
1.0882275104522705,0
1.0895695686340332,0
1.0902369022369385,0
1.0915474891662598,0
1.092181921005249,0
1.0934925079345703,0
1.094163417816162,0
1.095484733581543,0
1.0961668491363525,0
1.0975356101989746,0
1.0981872081756592,0
1.099336862564087,0
1.1000490188598633,0
1.1011314392089844,0
1.1021909713745117,0
1.1033880710601807,0
1.1041316986083984,0
1.105177402496338,0
1.106234073638916,0
1.1072900295257568,0
1.1083288192749023,0
1.1090309619903564,0
1.1100752353668213,0
1.11118745803833,0
1.1124186515808105,0
1.113079309463501,0
1.1142213344573975,0
1.1153151988983154,0
1.1160337924957275,0
1.1171083450317383,0
1.118171215057373,0
1.1192936897277832,0
1.1203393936157227,0
1.1210613250732422,0
1.1221983432769775,0
1.1232869625091553,0
1.1240472793579102,0
1.125098466873169,0
1.1261377334594727,0
1.1273515224456787,0
1.128061294555664,0
1.129159688949585,0
1.1302227973937988,0
1.1313703060150146,0
1.1322052478790283,0
1.1333014965057373,0
1.134044885635376,0
1.1350860595703125,0
1.136153221130371,0
1.1372575759887695,0
1.1383082866668701,0
1.1390137672424316,0
1.1401028633117676,0
1.1411333084106445,0
1.142199993133545,0
1.1436607837677002,0
1.1443591117858887,0
1.1450815200805664,0
1.1462886333465576,0
1.1473217010498047,0
1.148047685623169,0
1.1491048336029053,0
1.1501567363739014,0
1.151230812072754,0
1.1522870063781738,0
1.1532201766967773,0
1.1543285846710205,0
1.155092716217041,0
1.1562237739562988,0
1.1570038795471191,0
1.1581659317016602,0
1.159325361251831,0
1.1601247787475586,0
1.161271333694458,0
1.1623547077178955,0
1.1630849838256836,0
1.1641767024993896,0
1.1652288436889648,0
1.1663014888763428,0
1.1670095920562744,0
1.1682610511779785,0
1.1693174839019775,0
1.1700239181518555,0
1.171074390411377,0
1.1721582412719727,0
1.173203706741333,0
1.1742496490478516,0
1.1750240325927734,0
1.1761112213134766,0
1.1771917343139648,0
1.1782832145690918,0
1.1790168285369873,0
1.1801464557647705,0
1.1812443733215332,0
1.182325839996338,0
1.183046817779541,0
1.184103012084961,0
1.1851415634155273,0
1.1861848831176758,0
1.1872317790985107,0
1.1882684230804443,0
1.18931245803833,0
1.1900241374969482,0
1.1910579204559326,0
1.192077398300171,0
1.1930875778198242,0
1.1940906047821045,0
1.195094347000122,0
1.196143388748169,0
1.1971478462219238,0
1.1981499195098877,0
1.1992130279541016,0
1.2002391815185547,0
1.2012548446655273,0
1.2022650241851807,0
1.2033259868621826,0
1.2040338516235352,0
1.205082654953003,0
1.2061216831207275,0
1.2071826457977295,0
1.2082195281982422,0
1.2092602252960205,0
1.2103049755096436,0
1.2110061645507812,0
1.2120742797851562,0
1.2132675647735596,2
1.214324951171875,0
1.2153337001800537,0
1.2160634994506836,0
1.2170870304107666,0
1.2180898189544678,0
1.2191181182861328,0
1.220137119293213,0
1.2212433815002441,0
1.222064733505249,0
1.223282814025879,0
1.224393606185913,0
1.2254962921142578,0
1.226050615310669,0
1.227163314819336,0
1.2282435894012451,0
1.2293479442596436,0
1.230438470840454,0
1.2315244674682617,0
1.2320771217346191,0
1.2331461906433105,0
1.234339952468872,0
1.2350127696990967,0
1.2363815307617188,0
1.2370579242706299,0
1.2383925914764404,0
1.2390613555908203,0
1.240394115447998,0
1.2411246299743652,0
1.2424290180206299,0
1.243119716644287,0
1.2444908618927002,0
1.2451927661895752,0
1.24649977684021,0
1.2470965385437012,0
1.2481725215911865,0
1.2492594718933105,0
1.2501914501190186,0
1.2512898445129395,0
1.2523460388183594,0
1.2530646324157715,0
1.25411057472229,0
1.2552704811096191,0
1.256019115447998,0
1.2570455074310303,0
1.258051872253418,0
1.2590665817260742,0
1.260152816772461,0
1.2611596584320068,0
1.262178659439087,0
1.2632224559783936,0
1.2642245292663574,0
1.2652263641357422,0
1.2665643692016602,0
1.267329454421997,0
1.2680108547210693,0
1.26902174949646,0
1.2700674533843994,0
1.2710707187652588,0
1.2721166610717773,0
1.2731177806854248,0
1.2741460800170898,0
1.275216817855835,0
1.276233196258545,0
1.2772459983825684,0
1.2782464027404785,0
1.2792837619781494,0
1.280294418334961,0
1.2813000679016113,0
1.2823295593261719,0
1.283003330230713,0
1.284080982208252,0
1.285081386566162,0
1.2860853672027588,0
1.2870938777923584,0
1.288130521774292,0
1.2891509532928467,0
1.2901535034179688,0
1.291311264038086,0
1.2920928001403809,0
1.2931489944458008,0
1.2941884994506836,0
1.2952461242675781,0
1.2962818145751953,0
1.2973134517669678,0
1.2980117797851562,0
1.2990593910217285,0
1.3000998497009277,0
1.3014147281646729,0
1.302133560180664,0
1.3031713962554932,0
1.3042058944702148,0
1.3051083087921143,2
1.306183099746704,0
1.3072779178619385,0
1.3080177307128906,0
1.3090643882751465,0
1.3101224899291992,0
1.3112056255340576,0
1.3122799396514893,0
1.3130159378051758,0
1.314115047454834,0
1.3151991367340088,0
1.3163011074066162,0
1.317331314086914,0
1.3180484771728516,0
1.3191087245941162,0
1.3201351165771484,0
1.3211860656738281,0
1.3222510814666748,0
1.3233413696289062,0
1.324023723602295,0
1.3250632286071777,0
1.3260889053344727,0
1.3270699977874756,0
1.3281221389770508,0
1.3291499614715576,0
1.3301870822906494,0
1.3312196731567383,0
1.3322601318359375,0
1.333280324935913,0
1.334294319152832,0
1.3353188037872314,0
1.3360192775726318,0
1.3370721340179443,0
1.3381128311157227,0
1.3391735553741455,0
1.3402185440063477,0
1.341280460357666,0
1.342334508895874,0
1.343045949935913,0
1.344081163406372,0
1.3450992107391357,0
1.346139907836914,0
1.3471813201904297,0
1.3482117652893066,0
1.3492510318756104,0
1.3502743244171143,0
1.3513436317443848,0
1.3520374298095703,0
1.3530783653259277,0
1.3541018962860107,0
1.3551335334777832,0
1.3561582565307617,0
1.3576099872589111,0
1.3582515716552734,0
1.3594763278961182,0
1.360062837600708,0
1.361149787902832,0
1.3622329235076904,0
1.3633403778076172,0
1.364483118057251,0
1.3650588989257812,0
1.3661599159240723,0
1.3673067092895508,0
1.3683981895446777,0
1.3696229457855225,0
1.3703091144561768,0
1.3710129261016846,0
1.372359037399292,0
1.3730576038360596,0
1.3743963241577148,0
1.375089168548584,0
1.3766083717346191,0
1.3772966861724854,0
1.3786299228668213,0
1.3794052600860596,0
1.380112648010254,0
1.3814468383789062,0
1.3821403980255127,0
1.3831729888916016,0
1.38425874710083,0
1.3851006031036377,0
1.3863024711608887,0
1.387059211730957,0
1.3881909847259521,0
1.3890342712402344,0
1.3901255130767822,0
1.3911848068237305,0
1.3922815322875977,0
1.3930137157440186,0
1.3940906524658203,0
1.395162582397461,0
1.3962571620941162,0
1.397317886352539,0
1.398017406463623,0
1.399080514907837,0
1.4001896381378174,0
1.4012176990509033,0
1.4023284912109375,0
1.4030942916870117,0
1.4040148258209229,0
1.4050447940826416,0
1.406092882156372,0
1.4071829319000244,0
1.4083075523376465,0
1.4090213775634766,0
1.4102728366851807,0
1.41135573387146,0
1.4120545387268066,0
1.4130723476409912,0
1.4141016006469727,0
1.4151582717895508,0
1.4161961078643799,0
1.4173097610473633,0
1.4183144569396973,0
1.4190261363983154,0
1.4201374053955078,0
1.421271800994873,0
1.4223315715789795,0
1.4230141639709473,0
1.4240703582763672,0
1.425178050994873,0
1.4262034893035889,0
1.427314281463623,0
1.428053379058838,0
1.4291296005249023,0
1.4302787780761719,0
1.4313640594482422,0
1.4320547580718994,0
1.4330883026123047,0
1.4341621398925781,0
1.4352123737335205,0
1.436225414276123,0
1.4372496604919434,0
1.4382662773132324,0
1.4393274784088135,0
1.440009593963623,0
1.4410147666931152,0
1.4420287609100342,0
1.4430482387542725,0
1.4440946578979492,0
1.4451103210449219,0
1.4461169242858887,0
1.4471619129180908,0
1.448469638824463,0
1.4491662979125977,0
1.450200080871582,0
1.451242208480835,0
1.4522631168365479,0
1.4532725811004639,0
1.4540956020355225,0
1.4552533626556396,0
1.4563214778900146,0
1.457024097442627,0
1.4580636024475098,0
1.4591443538665771,0
1.4598612785339355,0
